Year,Demographic Condition,COVID-19
2020,Q115 = 1,82
2020,Q115 = 1,83
2020,Q115 = 1,80
2020,Q115 = 1,80
2020,Q115 = 1,55
2020,Q115 = 1,74
2020,Q115 = 1,90
2020,Q115 = 1,88
2020,Q115 = 1,90
2020,Q115 = 1,85
2020,Q115 = 1,87
2020,Q115 = 1,90
2020,Q115 = 1,86
2020,Q115 = 1,80
2020,Q115 = 1,89
2020,Q115 = 1,89
2020,Q115 = 1,81
2020,Q115 = 1,85
2020,Q115 = 1,88
2020,Q115 = 1,86
2020,Q115 = 1,91
2020,Q115 = 1,88
2020,Q115 = 1,91
2020,Q115 = 1,83
2020,Q115 = 1,91
2020,Q115 = 1,73
2020,Q115 = 1,91
2020,Q115 = 1,86
2020,Q115 = 1,73
2020,Q115 = 1,88
2020,Q115 = 1,93
2020,Q115 = 1,96
2020,Q115 = 1,92
2020,Q115 = 1,94
2020,Q115 = 1,88
2020,Q115 = 1,86
2020,Q115 = 1,88
2020,Q115 = 1,87
2020,Q115 = 1,98
2020,Q115 = 1,93
2020,Q115 = 1,91
2020,Q115 = 1,94
2020,Q115 = 1,88
2020,Q115 = 1,82
2020,Q115 = 1,95
2020,Q115 = 1,90
2020,Q115 = 1,92
2020,Q115 = 1,88
2020,Q115 = 1,91
2020,Q115 = 1,93
2020,Q115 = 1,85
2020,Q115 = 1,92
2020,Q115 = 1,86
2020,Q115 = 1,89
2020,Q115 = 1,89
2020,Q115 = 1,93
2020,Q115 = 1,85
2020,Q115 = 1,70
2020,Q115 = 1,78
2020,Q115 = 1,81
2020,Q115 = 1,78
2020,Q115 = 1,95
2020,Q115 = 1,84
2020,Q115 = 1,89
2020,Q115 = 1,94
2020,Q115 = 1,90
2020,Q115 = 1,58
2020,Q115 = 1,92
2020,Q115 = 2,84
2020,Q115 = 2,83
2020,Q115 = 2,77
2020,Q115 = 2,84
2020,Q115 = 2,72
2020,Q115 = 2,84
2020,Q115 = 2,89
2020,Q115 = 2,89
2020,Q115 = 2,91
2020,Q115 = 2,87
2020,Q115 = 2,87
2020,Q115 = 2,92
2020,Q115 = 2,90
2020,Q115 = 2,80
2020,Q115 = 2,85
2020,Q115 = 2,89
2020,Q115 = 2,79
2020,Q115 = 2,80
2020,Q115 = 2,85
2020,Q115 = 2,86
2020,Q115 = 2,90
2020,Q115 = 2,90
2020,Q115 = 2,87
2020,Q115 = 2,79
2020,Q115 = 2,89
2020,Q115 = 2,78
2020,Q115 = 2,90
2020,Q115 = 2,88
2020,Q115 = 2,80
2020,Q115 = 2,93
2020,Q115 = 2,93
2020,Q115 = 2,92
2020,Q115 = 2,89
2020,Q115 = 2,88
2020,Q115 = 2,87
2020,Q115 = 2,93
2020,Q115 = 2,90
2020,Q115 = 2,92
2020,Q115 = 2,94
2020,Q115 = 2,94
2020,Q115 = 2,86
2020,Q115 = 2,91
2020,Q115 = 2,92
2020,Q115 = 2,84
2020,Q115 = 2,96
2020,Q115 = 2,88
2020,Q115 = 2,88
2020,Q115 = 2,89
2020,Q115 = 2,91
2020,Q115 = 2,95
2020,Q115 = 2,85
2020,Q115 = 2,86
2020,Q115 = 2,86
2020,Q115 = 2,92
2020,Q115 = 2,91
2020,Q115 = 2,96
2020,Q115 = 2,88
2020,Q115 = 2,79
2020,Q115 = 2,85
2020,Q115 = 2,85
2020,Q115 = 2,87
2020,Q115 = 2,92
2020,Q115 = 2,90
2020,Q115 = 2,90
2020,Q115 = 2,96
2020,Q115 = 2,93
2020,Q115 = 2,54
2020,Q115 = 2,91
2020,Q115 = 3,78
2020,Q115 = 3,87
2020,Q115 = 3,61
2020,Q115 = 3,100
2020,Q115 = 3,29
2020,Q115 = 3,94
2020,Q115 = 3,89
2020,Q115 = 3,92
2020,Q115 = 3,82
2020,Q115 = 3,100
2020,Q115 = 3,72
2020,Q115 = 3,81
2020,Q115 = 3,93
2020,Q116 = 1,77
2020,Q116 = 1,80
2020,Q116 = 1,76
2020,Q116 = 1,79
2020,Q116 = 1,58
2020,Q116 = 1,72
2020,Q116 = 1,85
2020,Q116 = 1,81
2020,Q116 = 1,88
2020,Q116 = 1,89
2020,Q116 = 1,81
2020,Q116 = 1,85
2020,Q116 = 1,82
2020,Q116 = 1,72
2020,Q116 = 1,86
2020,Q116 = 1,92
2020,Q116 = 1,70
2020,Q116 = 1,82
2020,Q116 = 1,78
2020,Q116 = 1,86
2020,Q116 = 1,89
2020,Q116 = 1,81
2020,Q116 = 1,89
2020,Q116 = 1,74
2020,Q116 = 1,92
2020,Q116 = 1,95
2020,Q116 = 1,78
2020,Q116 = 1,73
2020,Q116 = 1,86
2020,Q116 = 1,81
2020,Q116 = 1,82
2020,Q116 = 1,100
2020,Q116 = 1,82
2020,Q116 = 1,91
2020,Q116 = 1,97
2020,Q116 = 1,80
2020,Q116 = 1,88
2020,Q116 = 1,83
2020,Q116 = 1,100
2020,Q116 = 1,75
2020,Q116 = 1,91
2020,Q116 = 1,100
2020,Q116 = 1,69
2020,Q116 = 1,81
2020,Q116 = 1,76
2020,Q116 = 1,81
2020,Q116 = 1,91
2020,Q116 = 1,55
2020,Q116 = 1,87
2020,Q116 = 2,83
2020,Q116 = 2,83
2020,Q116 = 2,78
2020,Q116 = 2,82
2020,Q116 = 2,64
2020,Q116 = 2,79
2020,Q116 = 2,89
2020,Q116 = 2,89
2020,Q116 = 2,91
2020,Q116 = 2,86
2020,Q116 = 2,87
2020,Q116 = 2,91
2020,Q116 = 2,88
2020,Q116 = 2,80
2020,Q116 = 2,87
2020,Q116 = 2,89
2020,Q116 = 2,80
2020,Q116 = 2,82
2020,Q116 = 2,86
2020,Q116 = 2,86
2020,Q116 = 2,91
2020,Q116 = 2,90
2020,Q116 = 2,89
2020,Q116 = 2,81
2020,Q116 = 2,75
2020,Q116 = 2,90
2020,Q116 = 2,87
2020,Q116 = 2,78
2020,Q116 = 2,91
2020,Q116 = 2,93
2020,Q116 = 2,87
2020,Q116 = 2,93
2020,Q116 = 2,88
2020,Q116 = 2,92
2020,Q116 = 2,90
2020,Q116 = 2,89
2020,Q116 = 2,94
2020,Q116 = 2,85
2020,Q116 = 2,86
2020,Q116 = 2,91
2020,Q116 = 2,90
2020,Q116 = 2,87
2020,Q116 = 2,75
2020,Q116 = 2,83
2020,Q116 = 2,83
2020,Q116 = 2,94
2020,Q116 = 2,89
2020,Q116 = 2,55
2020,Q116 = 2,92
2020,Q117 = 1,77
2020,Q117 = 1,78
2020,Q117 = 1,76
2020,Q117 = 1,64
2020,Q117 = 1,69
2020,Q117 = 1,77
2020,Q117 = 1,85
2020,Q117 = 1,100
2020,Q117 = 1,70
2020,Q117 = 1,82
2020,Q117 = 1,93
2020,Q117 = 1,81
2020,Q117 = 1,87
2020,Q117 = 1,78
2020,Q117 = 1,86
2020,Q117 = 1,100
2020,Q117 = 1,92
2020,Q117 = 1,77
2020,Q117 = 1,57
2020,Q117 = 1,81
2020,Q117 = 2,76
2020,Q117 = 2,81
2020,Q117 = 2,75
2020,Q117 = 2,81
2020,Q117 = 2,53
2020,Q117 = 2,77
2020,Q117 = 2,81
2020,Q117 = 2,82
2020,Q117 = 2,88
2020,Q117 = 2,88
2020,Q117 = 2,85
2020,Q117 = 2,93
2020,Q117 = 2,85
2020,Q117 = 2,69
2020,Q117 = 2,86
2020,Q117 = 2,69
2020,Q117 = 2,83
2020,Q117 = 2,90
2020,Q117 = 2,81
2020,Q117 = 2,93
2020,Q117 = 2,89
2020,Q117 = 2,86
2020,Q117 = 2,80
2020,Q117 = 2,95
2020,Q117 = 2,88
2020,Q117 = 2,65
2020,Q117 = 2,78
2020,Q117 = 2,73
2020,Q117 = 2,53
2020,Q117 = 2,95
2020,Q117 = 3,81
2020,Q117 = 3,83
2020,Q117 = 3,84
2020,Q117 = 3,72
2020,Q117 = 3,60
2020,Q117 = 3,80
2020,Q117 = 3,92
2020,Q117 = 3,87
2020,Q117 = 3,81
2020,Q117 = 3,87
2020,Q118 = 1,77
2020,Q118 = 1,79
2020,Q118 = 1,73
2020,Q118 = 1,78
2020,Q118 = 1,60
2020,Q118 = 1,78
2020,Q118 = 1,85
2020,Q118 = 1,83
2020,Q118 = 1,87
2020,Q118 = 1,83
2020,Q118 = 1,79
2020,Q118 = 1,86
2020,Q118 = 1,82
2020,Q118 = 1,71
2020,Q118 = 1,78
2020,Q118 = 1,88
2020,Q118 = 1,73
2020,Q118 = 1,74
2020,Q118 = 1,83
2020,Q118 = 1,83
2020,Q118 = 1,80
2020,Q118 = 1,88
2020,Q118 = 1,85
2020,Q118 = 1,79
2020,Q118 = 1,89
2020,Q118 = 1,76
2020,Q118 = 1,88
2020,Q118 = 1,85
2020,Q118 = 1,69
2020,Q118 = 1,80
2020,Q118 = 1,87
2020,Q118 = 1,97
2020,Q118 = 1,79
2020,Q118 = 1,95
2020,Q118 = 1,82
2020,Q118 = 1,88
2020,Q118 = 1,88
2020,Q118 = 1,100
2020,Q118 = 1,85
2020,Q118 = 1,91
2020,Q118 = 1,82
2020,Q118 = 1,100
2020,Q118 = 1,77
2020,Q118 = 1,100
2020,Q118 = 1,85
2020,Q118 = 1,92
2020,Q118 = 1,86
2020,Q118 = 1,79
2020,Q118 = 1,87
2020,Q118 = 1,80
2020,Q118 = 1,94
2020,Q118 = 1,86
2020,Q118 = 1,91
2020,Q118 = 1,76
2020,Q118 = 1,69
2020,Q118 = 1,70
2020,Q118 = 1,78
2020,Q118 = 1,76
2020,Q118 = 1,88
2020,Q118 = 1,91
2020,Q118 = 1,91
2020,Q118 = 1,100
2020,Q118 = 1,78
2020,Q118 = 1,57
2020,Q118 = 1,87
2020,Q118 = 2,83
2020,Q118 = 2,83
2020,Q118 = 2,79
2020,Q118 = 2,82
2020,Q118 = 2,64
2020,Q118 = 2,79
2020,Q118 = 2,89
2020,Q118 = 2,89
2020,Q118 = 2,91
2020,Q118 = 2,86
2020,Q118 = 2,88
2020,Q118 = 2,92
2020,Q118 = 2,88
2020,Q118 = 2,81
2020,Q118 = 2,87
2020,Q118 = 2,89
2020,Q118 = 2,80
2020,Q118 = 2,83
2020,Q118 = 2,86
2020,Q118 = 2,86
2020,Q118 = 2,91
2020,Q118 = 2,89
2020,Q118 = 2,89
2020,Q118 = 2,80
2020,Q118 = 2,90
2020,Q118 = 2,76
2020,Q118 = 2,91
2020,Q118 = 2,87
2020,Q118 = 2,78
2020,Q118 = 2,92
2020,Q118 = 2,93
2020,Q118 = 2,94
2020,Q118 = 2,91
2020,Q118 = 2,89
2020,Q118 = 2,88
2020,Q118 = 2,89
2020,Q118 = 2,92
2020,Q118 = 2,93
2020,Q118 = 2,89
2020,Q118 = 2,92
2020,Q118 = 2,90
2020,Q118 = 2,95
2020,Q118 = 2,90
2020,Q118 = 2,89
2020,Q118 = 2,88
2020,Q118 = 2,91
2020,Q118 = 2,94
2020,Q118 = 2,85
2020,Q118 = 2,89
2020,Q118 = 2,87
2020,Q118 = 2,91
2020,Q118 = 2,90
2020,Q118 = 2,95
2020,Q118 = 2,88
2020,Q118 = 2,75
2020,Q118 = 2,84
2020,Q118 = 2,84
2020,Q118 = 2,83
2020,Q118 = 2,95
2020,Q118 = 2,89
2020,Q118 = 2,89
2020,Q118 = 2,95
2020,Q118 = 2,93
2020,Q118 = 2,55
2020,Q118 = 2,91
2020,Q119A = 1,79
2020,Q119A = 1,80
2020,Q119A = 1,79
2020,Q119A = 1,71
2020,Q119A = 1,62
2020,Q119A = 1,78
2020,Q119A = 1,75
2020,Q119A = 1,88
2020,Q119A = 1,88
2020,Q119A = 1,94
2020,Q119A = 1,79
2020,Q119A = 1,94
2020,Q119A = 1,83
2020,Q119A = 1,71
2020,Q119A = 1,100
2020,Q119A = 1,93
2020,Q119A = 1,83
2020,Q119A = 1,87
2020,Q119A = 1,85
2020,Q119A = 1,72
2020,Q119A = 1,82
2020,Q119A = 1,84
2020,Q119A = 1,89
2020,Q119A = 1,89
2020,Q119A = 1,80
2020,Q119A = 1,74
2020,Q119A = 1,61
2020,Q119A = 1,72
2020,Q119A = 1,75
2020,Q119A = 1,61
2020,Q119A = 1,75
2020,Q119A = 1,40
2020,Q119A = 1,90
2020,Q119A = 2,77
2020,Q119A = 2,79
2020,Q119A = 2,72
2020,Q119A = 2,78
2020,Q119A = 2,60
2020,Q119A = 2,78
2020,Q119A = 2,86
2020,Q119A = 2,83
2020,Q119A = 2,87
2020,Q119A = 2,82
2020,Q119A = 2,79
2020,Q119A = 2,86
2020,Q119A = 2,82
2020,Q119A = 2,71
2020,Q119A = 2,77
2020,Q119A = 2,88
2020,Q119A = 2,72
2020,Q119A = 2,73
2020,Q119A = 2,82
2020,Q119A = 2,85
2020,Q119A = 2,80
2020,Q119A = 2,89
2020,Q119A = 2,84
2020,Q119A = 2,76
2020,Q119A = 2,88
2020,Q119A = 2,82
2020,Q119A = 2,100
2020,Q119A = 2,83
2020,Q119A = 2,80
2020,Q119A = 2,91
2020,Q119A = 2,69
2020,Q119A = 2,78
2020,Q119A = 2,77
2020,Q119A = 2,90
2020,Q119A = 2,78
2020,Q119A = 2,58
2020,Q119A = 2,87
2020,Q119B = 1,79
2020,Q119B = 1,78
2020,Q119B = 1,77
2020,Q119B = 1,80
2020,Q119B = 1,62
2020,Q119B = 1,89
2020,Q119B = 1,83
2020,Q119B = 1,84
2020,Q119B = 1,86
2020,Q119B = 1,94
2020,Q119B = 1,73
2020,Q119B = 1,89
2020,Q119B = 1,87
2020,Q119B = 1,85
2020,Q119B = 1,73
2020,Q119B = 1,93
2020,Q119B = 1,78
2020,Q119B = 1,75
2020,Q119B = 1,88
2020,Q119B = 1,80
2020,Q119B = 1,74
2020,Q119B = 1,88
2020,Q119B = 1,100
2020,Q119B = 1,78
2020,Q119B = 1,93
2020,Q119B = 1,87
2020,Q119B = 1,81
2020,Q119B = 1,63
2020,Q119B = 1,72
2020,Q119B = 1,77
2020,Q119B = 1,72
2020,Q119B = 1,74
2020,Q119B = 1,33
2020,Q119B = 1,90
2020,Q119B = 2,77
2020,Q119B = 2,79
2020,Q119B = 2,72
2020,Q119B = 2,77
2020,Q119B = 2,60
2020,Q119B = 2,76
2020,Q119B = 2,85
2020,Q119B = 2,83
2020,Q119B = 2,87
2020,Q119B = 2,81
2020,Q119B = 2,80
2020,Q119B = 2,86
2020,Q119B = 2,81
2020,Q119B = 2,69
2020,Q119B = 2,79
2020,Q119B = 2,87
2020,Q119B = 2,71
2020,Q119B = 2,73
2020,Q119B = 2,81
2020,Q119B = 2,84
2020,Q119B = 2,80
2020,Q119B = 2,84
2020,Q119B = 2,86
2020,Q119B = 2,83
2020,Q119B = 2,79
2020,Q119B = 2,76
2020,Q119B = 2,87
2020,Q119B = 2,80
2020,Q119B = 2,69
2020,Q119B = 2,78
2020,Q119B = 2,77
2020,Q119B = 2,90
2020,Q119B = 2,59
2020,Q119B = 2,87
2020,Q119C = 1,77
2020,Q119C = 1,78
2020,Q119C = 1,70
2020,Q119C = 1,78
2020,Q119C = 1,65
2020,Q119C = 1,66
2020,Q119C = 1,72
2020,Q119C = 1,83
2020,Q119C = 1,96
2020,Q119C = 1,84
2020,Q119C = 1,84
2020,Q119C = 1,87
2020,Q119C = 1,88
2020,Q119C = 1,78
2020,Q119C = 1,83
2020,Q119C = 1,90
2020,Q119C = 1,71
2020,Q119C = 1,68
2020,Q119C = 1,85
2020,Q119C = 1,76
2020,Q119C = 1,64
2020,Q119C = 1,93
2020,Q119C = 1,91
2020,Q119C = 1,73
2020,Q119C = 1,77
2020,Q119C = 1,40
2020,Q119C = 1,85
2020,Q119C = 1,83
2020,Q119C = 1,69
2020,Q119C = 1,78
2020,Q119C = 1,74
2020,Q119C = 1,90
2020,Q119C = 1,60
2020,Q119C = 1,91
2020,Q119C = 2,78
2020,Q119C = 2,79
2020,Q119C = 2,74
2020,Q119C = 2,78
2020,Q119C = 2,59
2020,Q119C = 2,80
2020,Q119C = 2,88
2020,Q119C = 2,83
2020,Q119C = 2,85
2020,Q119C = 2,83
2020,Q119C = 2,78
2020,Q119C = 2,86
2020,Q119C = 2,82
2020,Q119C = 2,70
2020,Q119C = 2,77
2020,Q119C = 2,88
2020,Q119C = 2,73
2020,Q119C = 2,75
2020,Q119C = 2,82
2020,Q119C = 2,85
2020,Q119C = 2,83
2020,Q119C = 2,83
2020,Q119C = 2,77
2020,Q119C = 2,89
2020,Q119C = 2,83
2020,Q119C = 2,87
2020,Q119C = 2,75
2020,Q119C = 2,77
2020,Q119C = 2,69
2020,Q119C = 2,78
2020,Q119C = 2,77
2020,Q119C = 2,87
2020,Q119C = 2,91
2020,Q119C = 2,55
2020,Q119C = 2,87
2020,Q119D = 1,73
2020,Q119D = 1,78
2020,Q119D = 1,66
2020,Q119D = 1,70
2020,Q119D = 1,61
2020,Q119D = 1,70
2020,Q119D = 1,79
2020,Q119D = 1,88
2020,Q119D = 1,92
2020,Q119D = 1,73
2020,Q119D = 1,73
2020,Q119D = 1,84
2020,Q119D = 1,92
2020,Q119D = 1,70
2020,Q119D = 1,72
2020,Q119D = 1,86
2020,Q119D = 1,67
2020,Q119D = 1,75
2020,Q119D = 1,91
2020,Q119D = 1,92
2020,Q119D = 1,61
2020,Q119D = 1,66
2020,Q119D = 1,90
2020,Q119D = 1,79
2020,Q119D = 1,86
2020,Q119D = 1,61
2020,Q119D = 1,81
2020,Q119D = 1,63
2020,Q119D = 1,66
2020,Q119D = 1,82
2020,Q119D = 1,70
2020,Q119D = 1,30
2020,Q119D = 2,78
2020,Q119D = 2,79
2020,Q119D = 2,74
2020,Q119D = 2,80
2020,Q119D = 2,60
2020,Q119D = 2,79
2020,Q119D = 2,85
2020,Q119D = 2,82
2020,Q119D = 2,86
2020,Q119D = 2,84
2020,Q119D = 2,80
2020,Q119D = 2,87
2020,Q119D = 2,81
2020,Q119D = 2,71
2020,Q119D = 2,79
2020,Q119D = 2,89
2020,Q119D = 2,74
2020,Q119D = 2,73
2020,Q119D = 2,81
2020,Q119D = 2,82
2020,Q119D = 2,84
2020,Q119D = 2,87
2020,Q119D = 2,87
2020,Q119D = 2,82
2020,Q119D = 2,81
2020,Q119D = 2,100
2020,Q119D = 2,80
2020,Q119D = 2,78
2020,Q119D = 2,87
2020,Q119D = 2,70
2020,Q119D = 2,80
2020,Q119D = 2,76
2020,Q119D = 2,90
2020,Q119D = 2,100
2020,Q119D = 2,59
2020,Q119E = 1,77
2020,Q119E = 1,80
2020,Q119E = 1,71
2020,Q119E = 1,79
2020,Q119E = 1,56
2020,Q119E = 1,78
2020,Q119E = 1,87
2020,Q119E = 1,79
2020,Q119E = 1,82
2020,Q119E = 1,81
2020,Q119E = 1,80
2020,Q119E = 1,86
2020,Q119E = 1,80
2020,Q119E = 1,67
2020,Q119E = 1,84
2020,Q119E = 1,87
2020,Q119E = 1,71
2020,Q119E = 1,69
2020,Q119E = 1,81
2020,Q119E = 1,86
2020,Q119E = 1,89
2020,Q119E = 1,92
2020,Q119E = 1,83
2020,Q119E = 1,69
2020,Q119E = 1,88
2020,Q119E = 1,91
2020,Q119E = 1,72
2020,Q119E = 1,62
2020,Q119E = 1,81
2020,Q119E = 1,94
2020,Q119E = 1,88
2020,Q119E = 1,76
2020,Q119E = 1,84
2020,Q119E = 1,84
2020,Q119E = 1,95
2020,Q119E = 1,100
2020,Q119E = 1,78
2020,Q119E = 1,85
2020,Q119E = 1,100
2020,Q119E = 1,90
2020,Q119E = 1,84
2020,Q119E = 1,86
2020,Q119E = 1,70
2020,Q119E = 1,83
2020,Q119E = 1,70
2020,Q119E = 1,95
2020,Q119E = 1,91
2020,Q119E = 1,72
2020,Q119E = 1,80
2020,Q119E = 1,80
2020,Q119E = 1,96
2020,Q119E = 1,88
2020,Q119E = 1,49
2020,Q119E = 1,87
2020,Q119E = 2,78
2020,Q119E = 2,78
2020,Q119E = 2,74
2020,Q119E = 2,78
2020,Q119E = 2,62
2020,Q119E = 2,78
2020,Q119E = 2,84
2020,Q119E = 2,86
2020,Q119E = 2,90
2020,Q119E = 2,84
2020,Q119E = 2,79
2020,Q119E = 2,86
2020,Q119E = 2,83
2020,Q119E = 2,74
2020,Q119E = 2,76
2020,Q119E = 2,89
2020,Q119E = 2,74
2020,Q119E = 2,76
2020,Q119E = 2,84
2020,Q119E = 2,82
2020,Q119E = 2,74
2020,Q119E = 2,86
2020,Q119E = 2,85
2020,Q119E = 2,83
2020,Q119E = 2,89
2020,Q119E = 2,86
2020,Q119E = 2,91
2020,Q119E = 2,73
2020,Q119E = 2,80
2020,Q119E = 2,81
2020,Q119E = 2,100
2020,Q119E = 2,83
2020,Q119E = 2,90
2020,Q119E = 2,94
2020,Q119E = 2,80
2020,Q119E = 2,85
2020,Q119E = 2,84
2020,Q119E = 2,71
2020,Q119E = 2,100
2020,Q119E = 2,81
2020,Q119E = 2,87
2020,Q119E = 2,75
2020,Q119E = 2,86
2020,Q119E = 2,100
2020,Q119E = 2,93
2020,Q119E = 2,85
2020,Q119E = 2,70
2020,Q119E = 2,68
2020,Q119E = 2,77
2020,Q119E = 2,75
2020,Q119E = 2,86
2020,Q119E = 2,93
2020,Q119E = 2,63
2020,Q119E = 2,88
2020,Q119F = 1,77
2020,Q119F = 1,76
2020,Q119F = 1,73
2020,Q119F = 1,69
2020,Q119F = 1,58
2020,Q119F = 1,86
2020,Q119F = 1,80
2020,Q119F = 1,78
2020,Q119F = 1,87
2020,Q119F = 1,74
2020,Q119F = 1,79
2020,Q119F = 1,82
2020,Q119F = 1,100
2020,Q119F = 1,82
2020,Q119F = 1,79
2020,Q119F = 1,94
2020,Q119F = 1,77
2020,Q119F = 1,83
2020,Q119F = 1,73
2020,Q119F = 1,91
2020,Q119F = 1,64
2020,Q119F = 1,69
2020,Q119F = 1,88
2020,Q119F = 1,85
2020,Q119F = 1,86
2020,Q119F = 1,82
2020,Q119F = 1,76
2020,Q119F = 1,75
2020,Q119F = 1,81
2020,Q119F = 1,92
2020,Q119F = 1,63
2020,Q119F = 2,77
2020,Q119F = 2,79
2020,Q119F = 2,73
2020,Q119F = 2,79
2020,Q119F = 2,60
2020,Q119F = 2,77
2020,Q119F = 2,85
2020,Q119F = 2,84
2020,Q119F = 2,87
2020,Q119F = 2,84
2020,Q119F = 2,79
2020,Q119F = 2,87
2020,Q119F = 2,81
2020,Q119F = 2,70
2020,Q119F = 2,78
2020,Q119F = 2,88
2020,Q119F = 2,72
2020,Q119F = 2,73
2020,Q119F = 2,84
2020,Q119F = 2,83
2020,Q119F = 2,82
2020,Q119F = 2,86
2020,Q119F = 2,88
2020,Q119F = 2,81
2020,Q119F = 2,81
2020,Q119F = 2,92
2020,Q119F = 2,78
2020,Q119F = 2,69
2020,Q119F = 2,79
2020,Q119F = 2,76
2020,Q119F = 2,88
2020,Q119F = 2,55
2020,Q119G = 1,77
2020,Q119G = 1,79
2020,Q119G = 1,69
2020,Q119G = 1,76
2020,Q119G = 1,62
2020,Q119G = 1,78
2020,Q119G = 1,83
2020,Q119G = 1,84
2020,Q119G = 1,89
2020,Q119G = 1,87
2020,Q119G = 1,78
2020,Q119G = 1,86
2020,Q119G = 1,87
2020,Q119G = 1,75
2020,Q119G = 1,76
2020,Q119G = 1,93
2020,Q119G = 1,68
2020,Q119G = 1,77
2020,Q119G = 1,85
2020,Q119G = 1,76
2020,Q119G = 1,79
2020,Q119G = 1,85
2020,Q119G = 1,82
2020,Q119G = 1,100
2020,Q119G = 1,85
2020,Q119G = 1,84
2020,Q119G = 1,90
2020,Q119G = 1,85
2020,Q119G = 1,90
2020,Q119G = 1,87
2020,Q119G = 1,84
2020,Q119G = 1,94
2020,Q119G = 1,81
2020,Q119G = 1,87
2020,Q119G = 1,73
2020,Q119G = 1,78
2020,Q119G = 1,70
2020,Q119G = 1,92
2020,Q119G = 1,72
2020,Q119G = 1,53
2020,Q119G = 1,86
2020,Q119G = 1,82
2020,Q119G = 1,90
2020,Q119G = 1,66
2020,Q119G = 1,80
2020,Q119G = 1,75
2020,Q119G = 1,94
2020,Q119G = 1,66
2020,Q119G = 1,85
2020,Q119G = 2,78
2020,Q119G = 2,79
2020,Q119G = 2,75
2020,Q119G = 2,79
2020,Q119G = 2,59
2020,Q119G = 2,78
2020,Q119G = 2,86
2020,Q119G = 2,83
2020,Q119G = 2,86
2020,Q119G = 2,81
2020,Q119G = 2,79
2020,Q119G = 2,86
2020,Q119G = 2,80
2020,Q119G = 2,70
2020,Q119G = 2,79
2020,Q119G = 2,87
2020,Q119G = 2,75
2020,Q119G = 2,72
2020,Q119G = 2,82
2020,Q119G = 2,88
2020,Q119G = 2,80
2020,Q119G = 2,89
2020,Q119G = 2,86
2020,Q119G = 2,74
2020,Q119G = 2,89
2020,Q119G = 2,85
2020,Q119G = 2,76
2020,Q119G = 2,87
2020,Q119G = 2,100
2020,Q119G = 2,100
2020,Q119G = 2,81
2020,Q119G = 2,85
2020,Q119G = 2,86
2020,Q119G = 2,94
2020,Q119G = 2,85
2020,Q119G = 2,77
2020,Q119G = 2,93
2020,Q119G = 2,84
2020,Q119G = 2,84
2020,Q119G = 2,87
2020,Q119G = 2,96
2020,Q119G = 2,87
2020,Q119G = 2,92
2020,Q119G = 2,70
2020,Q119G = 2,77
2020,Q119G = 2,77
2020,Q119G = 2,86
2020,Q119G = 2,48
2020,Q119G = 2,89
2020,Q119H = 1,79
2020,Q119H = 1,80
2020,Q119H = 1,74
2020,Q119H = 1,78
2020,Q119H = 1,57
2020,Q119H = 1,81
2020,Q119H = 1,90
2020,Q119H = 1,80
2020,Q119H = 1,85
2020,Q119H = 1,81
2020,Q119H = 1,75
2020,Q119H = 1,87
2020,Q119H = 1,83
2020,Q119H = 1,59
2020,Q119H = 1,81
2020,Q119H = 1,93
2020,Q119H = 1,78
2020,Q119H = 1,77
2020,Q119H = 1,79
2020,Q119H = 1,91
2020,Q119H = 1,77
2020,Q119H = 1,90
2020,Q119H = 1,91
2020,Q119H = 1,90
2020,Q119H = 1,92
2020,Q119H = 1,95
2020,Q119H = 1,44
2020,Q119H = 1,87
2020,Q119H = 1,88
2020,Q119H = 1,84
2020,Q119H = 1,84
2020,Q119H = 1,88
2020,Q119H = 1,96
2020,Q119H = 1,100
2020,Q119H = 1,100
2020,Q119H = 1,75
2020,Q119H = 1,77
2020,Q119H = 1,78
2020,Q119H = 1,84
2020,Q119H = 1,67
2020,Q119H = 2,77
2020,Q119H = 2,79
2020,Q119H = 2,73
2020,Q119H = 2,78
2020,Q119H = 2,61
2020,Q119H = 2,77
2020,Q119H = 2,84
2020,Q119H = 2,84
2020,Q119H = 2,87
2020,Q119H = 2,83
2020,Q119H = 2,80
2020,Q119H = 2,86
2020,Q119H = 2,82
2020,Q119H = 2,73
2020,Q119H = 2,78
2020,Q119H = 2,87
2020,Q119H = 2,72
2020,Q119H = 2,73
2020,Q119H = 2,83
2020,Q119H = 2,82
2020,Q119H = 2,81
2020,Q119H = 2,88
2020,Q119H = 2,83
2020,Q119H = 2,76
2020,Q119H = 2,88
2020,Q119H = 2,85
2020,Q119H = 2,95
2020,Q119H = 2,81
2020,Q119H = 2,88
2020,Q119H = 2,85
2020,Q119H = 2,81
2020,Q119H = 2,76
2020,Q119H = 2,73
2020,Q119H = 2,76
2020,Q119H = 2,67
2020,Q119H = 2,68
2020,Q119H = 2,78
2020,Q119H = 2,76
2020,Q119H = 2,89
2020,Q119H = 2,54
2020,Q119I = 1,73
2020,Q119I = 1,60
2020,Q119I = 1,67
2020,Q119I = 1,83
2020,Q119I = 1,40
2020,Q119I = 1,100
2020,Q119I = 1,79
2020,Q119I = 1,85
2020,Q119I = 1,59
2020,Q119I = 2,77
2020,Q119I = 2,79
2020,Q119I = 2,73
2020,Q119I = 2,78
2020,Q119I = 2,61
2020,Q119I = 2,77
2020,Q119I = 2,83
2020,Q119I = 2,76
2020,Q119I = 2,85
2020,Q119I = 2,80
2020,Q119I = 2,87
2020,Q119I = 2,97
2020,Q119I = 2,79
2020,Q119I = 2,95
2020,Q119I = 2,82
2020,Q119I = 2,88
2020,Q119I = 2,100
2020,Q119I = 2,85
2020,Q119I = 2,91
2020,Q119I = 2,85
2020,Q119I = 2,92
2020,Q119I = 2,80
2020,Q119I = 2,94
2020,Q119I = 2,69
2020,Q119I = 2,91
2020,Q119I = 2,100
2020,Q119I = 2,78
2020,Q119J = 1,78
2020,Q119J = 1,80
2020,Q119J = 1,75
2020,Q119J = 1,83
2020,Q119J = 1,62
2020,Q119J = 1,78
2020,Q119J = 1,79
2020,Q119J = 1,84
2020,Q119J = 1,94
2020,Q119J = 1,74
2020,Q119J = 1,79
2020,Q119J = 1,82
2020,Q119J = 1,77
2020,Q119J = 1,80
2020,Q119J = 1,82
2020,Q119J = 1,92
2020,Q119J = 1,75
2020,Q119J = 1,67
2020,Q119J = 1,84
2020,Q119J = 1,81
2020,Q119J = 1,87
2020,Q119J = 1,81
2020,Q119J = 1,79
2020,Q119J = 1,74
2020,Q119J = 1,86
2020,Q119J = 1,100
2020,Q119J = 1,82
2020,Q119J = 1,88
2020,Q119J = 1,77
2020,Q119J = 1,73
2020,Q119J = 1,84
2020,Q119J = 1,90
2020,Q119J = 1,69
2020,Q119J = 1,82
2020,Q119J = 1,87
2020,Q119J = 1,85
2020,Q119J = 1,70
2020,Q119J = 2,77
2020,Q119J = 2,79
2020,Q119J = 2,73
2020,Q119J = 2,77
2020,Q119J = 2,60
2020,Q119J = 2,78
2020,Q119J = 2,86
2020,Q119J = 2,83
2020,Q119J = 2,85
2020,Q119J = 2,85
2020,Q119J = 2,79
2020,Q119J = 2,87
2020,Q119J = 2,84
2020,Q119J = 2,70
2020,Q119J = 2,77
2020,Q119J = 2,88
2020,Q119J = 2,72
2020,Q119J = 2,75
2020,Q119J = 2,82
2020,Q119J = 2,84
2020,Q119J = 2,79
2020,Q119J = 2,89
2020,Q119J = 2,86
2020,Q119J = 2,80
2020,Q119J = 2,88
2020,Q119J = 2,96
2020,Q119J = 2,81
2020,Q119J = 2,87
2020,Q119J = 2,100
2020,Q119J = 2,83
2020,Q119J = 2,78
2020,Q119J = 2,92
2020,Q119J = 2,78
2020,Q119J = 2,77
2020,Q119J = 2,69
2020,Q119J = 2,70
2020,Q119J = 2,77
2020,Q119J = 2,73
2020,Q119J = 2,89
2020,Q119J = 2,55
2020,Q120 = 1,81
2020,Q120 = 1,82
2020,Q120 = 1,75
2020,Q120 = 1,86
2020,Q120 = 1,62
2020,Q120 = 1,81
2020,Q120 = 1,87
2020,Q120 = 1,85
2020,Q120 = 1,86
2020,Q120 = 1,86
2020,Q120 = 1,86
2020,Q120 = 1,89
2020,Q120 = 1,85
2020,Q120 = 1,77
2020,Q120 = 1,81
2020,Q120 = 1,86
2020,Q120 = 1,83
2020,Q120 = 1,81
2020,Q120 = 1,78
2020,Q120 = 1,83
2020,Q120 = 1,85
2020,Q120 = 1,86
2020,Q120 = 1,87
2020,Q120 = 1,74
2020,Q120 = 1,86
2020,Q120 = 1,79
2020,Q120 = 1,89
2020,Q120 = 1,84
2020,Q120 = 1,72
2020,Q120 = 1,88
2020,Q120 = 1,89
2020,Q120 = 1,95
2020,Q120 = 1,90
2020,Q120 = 1,85
2020,Q120 = 1,85
2020,Q120 = 1,75
2020,Q120 = 1,84
2020,Q120 = 1,91
2020,Q120 = 1,87
2020,Q120 = 1,94
2020,Q120 = 1,80
2020,Q120 = 1,92
2020,Q120 = 1,89
2020,Q120 = 1,90
2020,Q120 = 1,84
2020,Q120 = 1,84
2020,Q120 = 1,85
2020,Q120 = 1,91
2020,Q120 = 1,91
2020,Q120 = 1,86
2020,Q120 = 1,93
2020,Q120 = 1,88
2020,Q120 = 1,90
2020,Q120 = 1,87
2020,Q120 = 1,93
2020,Q120 = 1,86
2020,Q120 = 1,74
2020,Q120 = 1,72
2020,Q120 = 1,78
2020,Q120 = 1,88
2020,Q120 = 1,90
2020,Q120 = 1,82
2020,Q120 = 1,86
2020,Q120 = 1,98
2020,Q120 = 1,94
2020,Q120 = 1,59
2020,Q120 = 1,92
2020,Q120 = 2,83
2020,Q120 = 2,83
2020,Q120 = 2,79
2020,Q120 = 2,81
2020,Q120 = 2,64
2020,Q120 = 2,79
2020,Q120 = 2,90
2020,Q120 = 2,89
2020,Q120 = 2,92
2020,Q120 = 2,86
2020,Q120 = 2,87
2020,Q120 = 2,92
2020,Q120 = 2,88
2020,Q120 = 2,81
2020,Q120 = 2,88
2020,Q120 = 2,90
2020,Q120 = 2,79
2020,Q120 = 2,82
2020,Q120 = 2,86
2020,Q120 = 2,86
2020,Q120 = 2,91
2020,Q120 = 2,90
2020,Q120 = 2,89
2020,Q120 = 2,84
2020,Q120 = 2,91
2020,Q120 = 2,74
2020,Q120 = 2,91
2020,Q120 = 2,87
2020,Q120 = 2,79
2020,Q120 = 2,91
2020,Q120 = 2,93
2020,Q120 = 2,93
2020,Q120 = 2,90
2020,Q120 = 2,90
2020,Q120 = 2,88
2020,Q120 = 2,90
2020,Q120 = 2,90
2020,Q120 = 2,91
2020,Q120 = 2,97
2020,Q120 = 2,94
2020,Q120 = 2,89
2020,Q120 = 2,92
2020,Q120 = 2,90
2020,Q120 = 2,97
2020,Q120 = 2,89
2020,Q120 = 2,91
2020,Q120 = 2,89
2020,Q120 = 2,91
2020,Q120 = 2,95
2020,Q120 = 2,84
2020,Q120 = 2,89
2020,Q120 = 2,86
2020,Q120 = 2,91
2020,Q120 = 2,91
2020,Q120 = 2,95
2020,Q120 = 2,87
2020,Q120 = 2,74
2020,Q120 = 2,84
2020,Q120 = 2,85
2020,Q120 = 2,82
2020,Q120 = 2,95
2020,Q120 = 2,90
2020,Q120 = 2,90
2020,Q120 = 2,95
2020,Q120 = 2,92
2020,Q120 = 2,54
2020,Q120 = 2,91
2020,Q121A = 1,79
2020,Q121A = 1,78
2020,Q121A = 1,74
2020,Q121A = 1,83
2020,Q121A = 1,63
2020,Q121A = 1,93
2020,Q121A = 1,83
2020,Q121A = 1,80
2020,Q121A = 1,85
2020,Q121A = 1,81
2020,Q121A = 1,84
2020,Q121A = 1,92
2020,Q121A = 1,82
2020,Q121A = 1,73
2020,Q121A = 1,80
2020,Q121A = 1,84
2020,Q121A = 1,75
2020,Q121A = 1,87
2020,Q121A = 1,71
2020,Q121A = 1,80
2020,Q121A = 1,84
2020,Q121A = 1,74
2020,Q121A = 1,84
2020,Q121A = 1,78
2020,Q121A = 1,78
2020,Q121A = 1,85
2020,Q121A = 1,84
2020,Q121A = 1,72
2020,Q121A = 1,82
2020,Q121A = 1,90
2020,Q121A = 1,100
2020,Q121A = 1,100
2020,Q121A = 1,90
2020,Q121A = 1,81
2020,Q121A = 1,81
2020,Q121A = 1,75
2020,Q121A = 1,82
2020,Q121A = 1,100
2020,Q121A = 1,85
2020,Q121A = 1,100
2020,Q121A = 1,86
2020,Q121A = 1,82
2020,Q121A = 1,88
2020,Q121A = 1,88
2020,Q121A = 1,100
2020,Q121A = 1,92
2020,Q121A = 1,77
2020,Q121A = 1,86
2020,Q121A = 1,90
2020,Q121A = 1,77
2020,Q121A = 1,76
2020,Q121A = 1,85
2020,Q121A = 1,100
2020,Q121A = 1,86
2020,Q121A = 1,93
2020,Q121A = 1,53
2020,Q121A = 1,92
2020,Q121A = 2,82
2020,Q121A = 2,82
2020,Q121A = 2,75
2020,Q121A = 2,87
2020,Q121A = 2,62
2020,Q121A = 2,79
2020,Q121A = 2,87
2020,Q121A = 2,87
2020,Q121A = 2,86
2020,Q121A = 2,86
2020,Q121A = 2,86
2020,Q121A = 2,89
2020,Q121A = 2,86
2020,Q121A = 2,79
2020,Q121A = 2,81
2020,Q121A = 2,86
2020,Q121A = 2,84
2020,Q121A = 2,80
2020,Q121A = 2,80
2020,Q121A = 2,84
2020,Q121A = 2,86
2020,Q121A = 2,92
2020,Q121A = 2,88
2020,Q121A = 2,72
2020,Q121A = 2,88
2020,Q121A = 2,90
2020,Q121A = 2,84
2020,Q121A = 2,72
2020,Q121A = 2,89
2020,Q121A = 2,88
2020,Q121A = 2,94
2020,Q121A = 2,87
2020,Q121A = 2,83
2020,Q121A = 2,86
2020,Q121A = 2,86
2020,Q121A = 2,100
2020,Q121A = 2,79
2020,Q121A = 2,89
2020,Q121A = 2,90
2020,Q121A = 2,88
2020,Q121A = 2,83
2020,Q121A = 2,88
2020,Q121A = 2,92
2020,Q121A = 2,85
2020,Q121A = 2,85
2020,Q121A = 2,89
2020,Q121A = 2,92
2020,Q121A = 2,95
2020,Q121A = 2,85
2020,Q121A = 2,74
2020,Q121A = 2,79
2020,Q121A = 2,88
2020,Q121A = 2,89
2020,Q121A = 2,81
2020,Q121A = 2,84
2020,Q121A = 2,61
2020,Q121A = 2,92
2020,Q121B = 1,84
2020,Q121B = 1,84
2020,Q121B = 1,79
2020,Q121B = 1,86
2020,Q121B = 1,70
2020,Q121B = 1,77
2020,Q121B = 1,89
2020,Q121B = 1,89
2020,Q121B = 1,88
2020,Q121B = 1,85
2020,Q121B = 1,88
2020,Q121B = 1,87
2020,Q121B = 1,89
2020,Q121B = 1,85
2020,Q121B = 1,86
2020,Q121B = 1,86
2020,Q121B = 1,89
2020,Q121B = 1,80
2020,Q121B = 1,81
2020,Q121B = 1,88
2020,Q121B = 1,87
2020,Q121B = 1,90
2020,Q121B = 1,59
2020,Q121B = 1,94
2020,Q121B = 1,70
2020,Q121B = 1,91
2020,Q121B = 1,94
2020,Q121B = 1,66
2020,Q121B = 1,100
2020,Q121B = 1,86
2020,Q121B = 1,94
2020,Q121B = 1,95
2020,Q121B = 1,88
2020,Q121B = 1,94
2020,Q121B = 1,90
2020,Q121B = 1,86
2020,Q121B = 1,88
2020,Q121B = 1,96
2020,Q121B = 1,96
2020,Q121B = 1,90
2020,Q121B = 1,88
2020,Q121B = 1,74
2020,Q121B = 1,85
2020,Q121B = 1,93
2020,Q121B = 1,86
2020,Q121B = 1,58
2020,Q121B = 1,100
2020,Q121B = 2,81
2020,Q121B = 2,81
2020,Q121B = 2,74
2020,Q121B = 2,86
2020,Q121B = 2,61
2020,Q121B = 2,82
2020,Q121B = 2,86
2020,Q121B = 2,85
2020,Q121B = 2,85
2020,Q121B = 2,86
2020,Q121B = 2,85
2020,Q121B = 2,90
2020,Q121B = 2,84
2020,Q121B = 2,76
2020,Q121B = 2,80
2020,Q121B = 2,86
2020,Q121B = 2,81
2020,Q121B = 2,81
2020,Q121B = 2,77
2020,Q121B = 2,82
2020,Q121B = 2,85
2020,Q121B = 2,86
2020,Q121B = 2,76
2020,Q121B = 2,84
2020,Q121B = 2,84
2020,Q121B = 2,89
2020,Q121B = 2,82
2020,Q121B = 2,74
2020,Q121B = 2,94
2020,Q121B = 2,85
2020,Q121B = 2,82
2020,Q121B = 2,93
2020,Q121B = 2,79
2020,Q121B = 2,91
2020,Q121B = 2,89
2020,Q121B = 2,92
2020,Q121B = 2,83
2020,Q121B = 2,90
2020,Q121B = 2,83
2020,Q121B = 2,90
2020,Q121B = 2,94
2020,Q121B = 2,74
2020,Q121B = 2,77
2020,Q121B = 2,87
2020,Q121B = 2,91
2020,Q121B = 2,59
2020,Q121B = 2,91
2020,Q121C = 1,83
2020,Q121C = 1,85
2020,Q121C = 1,77
2020,Q121C = 1,89
2020,Q121C = 1,90
2020,Q121C = 1,100
2020,Q121C = 1,89
2020,Q121C = 1,94
2020,Q121C = 1,97
2020,Q121C = 1,91
2020,Q121C = 1,78
2020,Q121C = 1,88
2020,Q121C = 1,87
2020,Q121C = 1,72
2020,Q121C = 1,82
2020,Q121C = 1,82
2020,Q121C = 1,90
2020,Q121C = 1,95
2020,Q121C = 1,86
2020,Q121C = 1,74
2020,Q121C = 1,74
2020,Q121C = 1,100
2020,Q121C = 1,92
2020,Q121C = 1,94
2020,Q121C = 1,94
2020,Q121C = 1,87
2020,Q121C = 1,59
2020,Q121C = 1,72
2020,Q121C = 1,91
2020,Q121C = 1,58
2020,Q121C = 1,92
2020,Q121C = 2,81
2020,Q121C = 2,81
2020,Q121C = 2,75
2020,Q121C = 2,86
2020,Q121C = 2,61
2020,Q121C = 2,80
2020,Q121C = 2,87
2020,Q121C = 2,85
2020,Q121C = 2,86
2020,Q121C = 2,85
2020,Q121C = 2,86
2020,Q121C = 2,90
2020,Q121C = 2,85
2020,Q121C = 2,77
2020,Q121C = 2,81
2020,Q121C = 2,86
2020,Q121C = 2,82
2020,Q121C = 2,80
2020,Q121C = 2,77
2020,Q121C = 2,84
2020,Q121C = 2,74
2020,Q121C = 2,75
2020,Q121C = 2,89
2020,Q121C = 2,88
2020,Q121C = 2,89
2020,Q121C = 2,90
2020,Q121C = 2,85
2020,Q121C = 2,85
2020,Q121C = 2,75
2020,Q121C = 2,84
2020,Q121C = 2,91
2020,Q121C = 2,87
2020,Q121C = 2,94
2020,Q121C = 2,85
2020,Q121C = 2,86
2020,Q121C = 2,75
2020,Q121C = 2,72
2020,Q121C = 2,79
2020,Q121C = 2,88
2020,Q121C = 2,98
2020,Q121C = 2,59
2020,Q121C = 2,92
2020,Q121D = 1,80
2020,Q121D = 1,70
2020,Q121D = 1,77
2020,Q121D = 1,93
2020,Q121D = 1,59
2020,Q121D = 1,57
2020,Q121D = 1,89
2020,Q121D = 1,78
2020,Q121D = 1,88
2020,Q121D = 1,100
2020,Q121D = 1,100
2020,Q121D = 1,76
2020,Q121D = 1,63
2020,Q121D = 1,93
2020,Q121D = 2,81
2020,Q121D = 2,82
2020,Q121D = 2,75
2020,Q121D = 2,86
2020,Q121D = 2,62
2020,Q121D = 2,82
2020,Q121D = 2,87
2020,Q121D = 2,85
2020,Q121D = 2,86
2020,Q121D = 2,89
2020,Q121D = 2,85
2020,Q121D = 2,77
2020,Q121D = 2,81
2020,Q121D = 2,86
2020,Q121D = 2,79
2020,Q121D = 2,84
2020,Q121D = 2,89
2020,Q121D = 2,95
2020,Q121D = 2,90
2020,Q121D = 2,75
2020,Q121D = 2,84
2020,Q121D = 2,87
2020,Q121D = 2,92
2020,Q121D = 2,90
2020,Q121D = 2,84
2020,Q121D = 2,85
2020,Q121D = 2,91
2020,Q121D = 2,86
2020,Q121D = 2,93
2020,Q121D = 2,87
2020,Q121D = 2,93
2020,Q121D = 2,74
2020,Q121D = 2,72
2020,Q121D = 2,90
2020,Q121D = 2,82
2020,Q121D = 2,59
2020,Q121E = 1,78
2020,Q121E = 1,77
2020,Q121E = 1,64
2020,Q121E = 1,95
2020,Q121E = 1,65
2020,Q121E = 1,80
2020,Q121E = 1,94
2020,Q121E = 1,74
2020,Q121E = 1,100
2020,Q121E = 1,86
2020,Q121E = 1,66
2020,Q121E = 1,60
2020,Q121E = 1,95
2020,Q121E = 1,92
2020,Q121E = 1,100
2020,Q121E = 1,83
2020,Q121E = 1,59
2020,Q121E = 2,81
2020,Q121E = 2,82
2020,Q121E = 2,75
2020,Q121E = 2,86
2020,Q121E = 2,62
2020,Q121E = 2,81
2020,Q121E = 2,87
2020,Q121E = 2,85
2020,Q121E = 2,86
2020,Q121E = 2,90
2020,Q121E = 2,85
2020,Q121E = 2,77
2020,Q121E = 2,81
2020,Q121E = 2,83
2020,Q121E = 2,83
2020,Q121E = 2,86
2020,Q121E = 2,72
2020,Q121E = 2,88
2020,Q121E = 2,89
2020,Q121E = 2,85
2020,Q121E = 2,75
2020,Q121E = 2,84
2020,Q121E = 2,91
2020,Q121E = 2,87
2020,Q121E = 2,80
2020,Q121E = 2,89
2020,Q121E = 2,84
2020,Q121E = 2,91
2020,Q121E = 2,93
2020,Q121E = 2,93
2020,Q121E = 2,75
2020,Q121E = 2,72
2020,Q121E = 2,82
2020,Q121E = 2,98
2020,Q121F = 1,81
2020,Q121F = 1,81
2020,Q121F = 1,75
2020,Q121F = 1,87
2020,Q121F = 1,56
2020,Q121F = 1,87
2020,Q121F = 1,85
2020,Q121F = 1,87
2020,Q121F = 1,82
2020,Q121F = 1,90
2020,Q121F = 1,88
2020,Q121F = 1,93
2020,Q121F = 1,79
2020,Q121F = 1,78
2020,Q121F = 1,77
2020,Q121F = 1,87
2020,Q121F = 1,81
2020,Q121F = 1,84
2020,Q121F = 1,85
2020,Q121F = 1,88
2020,Q121F = 1,95
2020,Q121F = 1,82
2020,Q121F = 1,95
2020,Q121F = 1,71
2020,Q121F = 1,90
2020,Q121F = 1,68
2020,Q121F = 1,91
2020,Q121F = 1,66
2020,Q121F = 1,82
2020,Q121F = 1,100
2020,Q121F = 1,92
2020,Q121F = 1,94
2020,Q121F = 1,90
2020,Q121F = 1,93
2020,Q121F = 1,100
2020,Q121F = 1,83
2020,Q121F = 1,91
2020,Q121F = 1,86
2020,Q121F = 1,81
2020,Q121F = 1,83
2020,Q121F = 1,89
2020,Q121F = 1,77
2020,Q121F = 1,85
2020,Q121F = 1,88
2020,Q121F = 1,83
2020,Q121F = 1,72
2020,Q121F = 1,76
2020,Q121F = 1,97
2020,Q121F = 1,95
2020,Q121F = 1,94
2020,Q121F = 1,68
2020,Q121F = 1,86
2020,Q121F = 2,82
2020,Q121F = 2,82
2020,Q121F = 2,75
2020,Q121F = 2,86
2020,Q121F = 2,64
2020,Q121F = 2,80
2020,Q121F = 2,87
2020,Q121F = 2,85
2020,Q121F = 2,87
2020,Q121F = 2,85
2020,Q121F = 2,85
2020,Q121F = 2,89
2020,Q121F = 2,87
2020,Q121F = 2,77
2020,Q121F = 2,82
2020,Q121F = 2,86
2020,Q121F = 2,83
2020,Q121F = 2,81
2020,Q121F = 2,76
2020,Q121F = 2,82
2020,Q121F = 2,84
2020,Q121F = 2,87
2020,Q121F = 2,84
2020,Q121F = 2,74
2020,Q121F = 2,86
2020,Q121F = 2,80
2020,Q121F = 2,88
2020,Q121F = 2,89
2020,Q121F = 2,71
2020,Q121F = 2,85
2020,Q121F = 2,96
2020,Q121F = 2,83
2020,Q121F = 2,84
2020,Q121F = 2,83
2020,Q121F = 2,92
2020,Q121F = 2,79
2020,Q121F = 2,89
2020,Q121F = 2,91
2020,Q121F = 2,84
2020,Q121F = 2,85
2020,Q121F = 2,92
2020,Q121F = 2,87
2020,Q121F = 2,91
2020,Q121F = 2,86
2020,Q121F = 2,87
2020,Q121F = 2,75
2020,Q121F = 2,80
2020,Q121F = 2,86
2020,Q121F = 2,89
2020,Q121F = 2,94
2020,Q121F = 2,55
2020,Q121F = 2,94
2020,Q121G = 1,84
2020,Q121G = 1,80
2020,Q121G = 1,75
2020,Q121G = 1,91
2020,Q121G = 1,72
2020,Q121G = 1,89
2020,Q121G = 1,87
2020,Q121G = 1,84
2020,Q121G = 1,94
2020,Q121G = 1,90
2020,Q121G = 1,86
2020,Q121G = 1,87
2020,Q121G = 1,85
2020,Q121G = 1,85
2020,Q121G = 1,88
2020,Q121G = 1,81
2020,Q121G = 1,96
2020,Q121G = 1,77
2020,Q121G = 1,81
2020,Q121G = 1,81
2020,Q121G = 1,88
2020,Q121G = 1,89
2020,Q121G = 1,91
2020,Q121G = 1,89
2020,Q121G = 1,91
2020,Q121G = 1,79
2020,Q121G = 1,80
2020,Q121G = 1,74
2020,Q121G = 1,93
2020,Q121G = 2,81
2020,Q121G = 2,82
2020,Q121G = 2,75
2020,Q121G = 2,85
2020,Q121G = 2,62
2020,Q121G = 2,81
2020,Q121G = 2,87
2020,Q121G = 2,85
2020,Q121G = 2,86
2020,Q121G = 2,86
2020,Q121G = 2,86
2020,Q121G = 2,90
2020,Q121G = 2,85
2020,Q121G = 2,77
2020,Q121G = 2,81
2020,Q121G = 2,86
2020,Q121G = 2,82
2020,Q121G = 2,81
2020,Q121G = 2,78
2020,Q121G = 2,83
2020,Q121G = 2,73
2020,Q121G = 2,77
2020,Q121G = 2,89
2020,Q121G = 2,89
2020,Q121G = 2,85
2020,Q121G = 2,75
2020,Q121G = 2,91
2020,Q121G = 2,87
2020,Q121G = 2,89
2020,Q121G = 2,85
2020,Q121G = 2,86
2020,Q121G = 2,93
2020,Q121G = 2,74
2020,Q121G = 2,72
2020,Q121G = 2,79
2020,Q121G = 2,90
2020,Q121H = 1,83
2020,Q121H = 1,80
2020,Q121H = 1,76
2020,Q121H = 1,89
2020,Q121H = 1,64
2020,Q121H = 1,92
2020,Q121H = 1,90
2020,Q121H = 1,85
2020,Q121H = 1,87
2020,Q121H = 1,87
2020,Q121H = 1,83
2020,Q121H = 1,90
2020,Q121H = 1,90
2020,Q121H = 1,74
2020,Q121H = 1,84
2020,Q121H = 1,88
2020,Q121H = 1,78
2020,Q121H = 1,76
2020,Q121H = 1,75
2020,Q121H = 1,85
2020,Q121H = 1,89
2020,Q121H = 1,79
2020,Q121H = 1,77
2020,Q121H = 1,78
2020,Q121H = 1,83
2020,Q121H = 1,88
2020,Q121H = 1,78
2020,Q121H = 1,92
2020,Q121H = 1,82
2020,Q121H = 1,84
2020,Q121H = 1,69
2020,Q121H = 1,62
2020,Q121H = 1,100
2020,Q121H = 1,93
2020,Q121H = 1,85
2020,Q121H = 1,83
2020,Q121H = 1,77
2020,Q121H = 1,93
2020,Q121H = 1,80
2020,Q121H = 1,100
2020,Q121H = 1,93
2020,Q121H = 1,74
2020,Q121H = 1,81
2020,Q121H = 1,86
2020,Q121H = 1,83
2020,Q121H = 1,82
2020,Q121H = 1,88
2020,Q121H = 1,64
2020,Q121H = 1,94
2020,Q121H = 2,81
2020,Q121H = 2,82
2020,Q121H = 2,75
2020,Q121H = 2,85
2020,Q121H = 2,62
2020,Q121H = 2,80
2020,Q121H = 2,86
2020,Q121H = 2,85
2020,Q121H = 2,86
2020,Q121H = 2,85
2020,Q121H = 2,87
2020,Q121H = 2,89
2020,Q121H = 2,84
2020,Q121H = 2,77
2020,Q121H = 2,81
2020,Q121H = 2,85
2020,Q121H = 2,83
2020,Q121H = 2,81
2020,Q121H = 2,78
2020,Q121H = 2,83
2020,Q121H = 2,85
2020,Q121H = 2,88
2020,Q121H = 2,88
2020,Q121H = 2,73
2020,Q121H = 2,90
2020,Q121H = 2,83
2020,Q121H = 2,71
2020,Q121H = 2,96
2020,Q121H = 2,93
2020,Q121H = 2,85
2020,Q121H = 2,75
2020,Q121H = 2,88
2020,Q121H = 2,83
2020,Q121H = 2,90
2020,Q121H = 2,88
2020,Q121H = 2,91
2020,Q121H = 2,84
2020,Q121H = 2,86
2020,Q121H = 2,91
2020,Q121H = 2,87
2020,Q121H = 2,88
2020,Q121H = 2,85
2020,Q121H = 2,89
2020,Q121H = 2,73
2020,Q121H = 2,78
2020,Q121H = 2,89
2020,Q121H = 2,92
2020,Q121H = 2,85
2020,Q121H = 2,59
2020,Q121H = 2,92
2020,Q121I = 1,81
2020,Q121I = 1,74
2020,Q121I = 1,72
2020,Q121I = 1,88
2020,Q121I = 1,73
2020,Q121I = 1,71
2020,Q121I = 1,91
2020,Q121I = 1,91
2020,Q121I = 1,75
2020,Q121I = 1,75
2020,Q121I = 1,92
2020,Q121I = 1,91
2020,Q121I = 1,92
2020,Q121I = 1,80
2020,Q121I = 1,75
2020,Q121I = 1,95
2020,Q121I = 1,85
2020,Q121I = 1,72
2020,Q121I = 1,76
2020,Q121I = 1,74
2020,Q121I = 1,82
2020,Q121I = 1,75
2020,Q121I = 1,100
2020,Q121I = 1,91
2020,Q121I = 1,84
2020,Q121I = 1,96
2020,Q121I = 1,82
2020,Q121I = 1,82
2020,Q121I = 1,97
2020,Q121I = 1,100
2020,Q121I = 2,81
2020,Q121I = 2,82
2020,Q121I = 2,75
2020,Q121I = 2,86
2020,Q121I = 2,61
2020,Q121I = 2,82
2020,Q121I = 2,87
2020,Q121I = 2,85
2020,Q121I = 2,87
2020,Q121I = 2,86
2020,Q121I = 2,86
2020,Q121I = 2,89
2020,Q121I = 2,85
2020,Q121I = 2,77
2020,Q121I = 2,82
2020,Q121I = 2,85
2020,Q121I = 2,83
2020,Q121I = 2,81
2020,Q121I = 2,78
2020,Q121I = 2,84
2020,Q121I = 2,86
2020,Q121I = 2,73
2020,Q121I = 2,88
2020,Q121I = 2,70
2020,Q121I = 2,85
2020,Q121I = 2,87
2020,Q121I = 2,89
2020,Q121I = 2,91
2020,Q121I = 2,86
2020,Q121I = 2,74
2020,Q121I = 2,72
2020,Q121I = 2,78
2020,Q121I = 2,87
2020,Q121J = 1,81
2020,Q121J = 1,81
2020,Q121J = 1,71
2020,Q121J = 1,83
2020,Q121J = 1,63
2020,Q121J = 1,76
2020,Q121J = 1,87
2020,Q121J = 1,91
2020,Q121J = 1,83
2020,Q121J = 1,97
2020,Q121J = 1,89
2020,Q121J = 1,92
2020,Q121J = 1,91
2020,Q121J = 1,73
2020,Q121J = 1,81
2020,Q121J = 1,83
2020,Q121J = 1,74
2020,Q121J = 1,74
2020,Q121J = 1,79
2020,Q121J = 1,77
2020,Q121J = 1,86
2020,Q121J = 1,87
2020,Q121J = 1,78
2020,Q121J = 1,87
2020,Q121J = 1,100
2020,Q121J = 1,84
2020,Q121J = 1,100
2020,Q121J = 1,90
2020,Q121J = 1,90
2020,Q121J = 1,82
2020,Q121J = 1,100
2020,Q121J = 1,83
2020,Q121J = 1,100
2020,Q121J = 1,90
2020,Q121J = 1,89
2020,Q121J = 1,94
2020,Q121J = 1,90
2020,Q121J = 1,76
2020,Q121J = 1,80
2020,Q121J = 1,92
2020,Q121J = 1,85
2020,Q121J = 1,100
2020,Q121J = 1,100
2020,Q121J = 1,100
2020,Q121J = 2,81
2020,Q121J = 2,82
2020,Q121J = 2,75
2020,Q121J = 2,86
2020,Q121J = 2,62
2020,Q121J = 2,82
2020,Q121J = 2,87
2020,Q121J = 2,85
2020,Q121J = 2,86
2020,Q121J = 2,85
2020,Q121J = 2,86
2020,Q121J = 2,89
2020,Q121J = 2,84
2020,Q121J = 2,77
2020,Q121J = 2,81
2020,Q121J = 2,86
2020,Q121J = 2,84
2020,Q121J = 2,82
2020,Q121J = 2,78
2020,Q121J = 2,84
2020,Q121J = 2,85
2020,Q121J = 2,86
2020,Q121J = 2,88
2020,Q121J = 2,73
2020,Q121J = 2,84
2020,Q121J = 2,90
2020,Q121J = 2,82
2020,Q121J = 2,85
2020,Q121J = 2,87
2020,Q121J = 2,78
2020,Q121J = 2,90
2020,Q121J = 2,89
2020,Q121J = 2,84
2020,Q121J = 2,90
2020,Q121J = 2,85
2020,Q121J = 2,90
2020,Q121J = 2,92
2020,Q121J = 2,86
2020,Q121J = 2,74
2020,Q121J = 2,78
2020,Q121J = 2,87
2020,Q121J = 2,91
2020,Q121J = 2,83
2020,Q121J = 2,97
2020,Q121J = 2,91
2020,Q121K = 1,75
2020,Q121K = 1,80
2020,Q121K = 1,71
2020,Q121K = 1,78
2020,Q121K = 1,44
2020,Q121K = 1,63
2020,Q121K = 1,76
2020,Q121K = 1,77
2020,Q121K = 1,65
2020,Q121K = 1,91
2020,Q121K = 1,85
2020,Q121K = 1,85
2020,Q121K = 1,87
2020,Q121K = 1,75
2020,Q121K = 1,81
2020,Q121K = 1,100
2020,Q121K = 1,73
2020,Q121K = 1,61
2020,Q121K = 1,79
2020,Q121K = 1,93
2020,Q121K = 1,67
2020,Q121K = 1,72
2020,Q121K = 1,78
2020,Q121K = 1,90
2020,Q121K = 1,81
2020,Q121K = 1,68
2020,Q121K = 1,74
2020,Q121K = 1,76
2020,Q121K = 1,71
2020,Q121K = 2,82
2020,Q121K = 2,82
2020,Q121K = 2,75
2020,Q121K = 2,86
2020,Q121K = 2,64
2020,Q121K = 2,82
2020,Q121K = 2,87
2020,Q121K = 2,86
2020,Q121K = 2,87
2020,Q121K = 2,85
2020,Q121K = 2,86
2020,Q121K = 2,90
2020,Q121K = 2,85
2020,Q121K = 2,77
2020,Q121K = 2,81
2020,Q121K = 2,85
2020,Q121K = 2,83
2020,Q121K = 2,82
2020,Q121K = 2,78
2020,Q121K = 2,83
2020,Q121K = 2,87
2020,Q121K = 2,74
2020,Q121K = 2,85
2020,Q121K = 2,91
2020,Q121K = 2,87
2020,Q121K = 2,89
2020,Q121K = 2,84
2020,Q121K = 2,75
2020,Q121K = 2,79
2020,Q121K = 2,89
2020,Q121K = 2,59
2020,Q122 = 1,83
2020,Q122 = 1,83
2020,Q122 = 1,79
2020,Q122 = 1,83
2020,Q122 = 1,65
2020,Q122 = 1,79
2020,Q122 = 1,90
2020,Q122 = 1,89
2020,Q122 = 1,91
2020,Q122 = 1,86
2020,Q122 = 1,87
2020,Q122 = 1,92
2020,Q122 = 1,88
2020,Q122 = 1,81
2020,Q122 = 1,87
2020,Q122 = 1,90
2020,Q122 = 1,80
2020,Q122 = 1,83
2020,Q122 = 1,87
2020,Q122 = 1,87
2020,Q122 = 1,92
2020,Q122 = 1,90
2020,Q122 = 1,89
2020,Q122 = 1,81
2020,Q122 = 1,90
2020,Q122 = 1,77
2020,Q122 = 1,91
2020,Q122 = 1,88
2020,Q122 = 1,78
2020,Q122 = 1,89
2020,Q122 = 1,95
2020,Q122 = 1,93
2020,Q122 = 1,91
2020,Q122 = 1,91
2020,Q122 = 1,88
2020,Q122 = 1,88
2020,Q122 = 1,90
2020,Q122 = 1,91
2020,Q122 = 1,96
2020,Q122 = 1,93
2020,Q122 = 1,88
2020,Q122 = 1,92
2020,Q122 = 1,90
2020,Q122 = 1,97
2020,Q122 = 1,90
2020,Q122 = 1,91
2020,Q122 = 1,88
2020,Q122 = 1,92
2020,Q122 = 1,95
2020,Q122 = 1,86
2020,Q122 = 1,90
2020,Q122 = 1,89
2020,Q122 = 1,92
2020,Q122 = 1,91
2020,Q122 = 1,94
2020,Q122 = 1,88
2020,Q122 = 1,76
2020,Q122 = 1,86
2020,Q122 = 1,84
2020,Q122 = 1,84
2020,Q122 = 1,94
2020,Q122 = 1,91
2020,Q122 = 1,92
2020,Q122 = 1,96
2020,Q122 = 1,92
2020,Q122 = 1,57
2020,Q122 = 1,93
2020,Q122 = 2,82
2020,Q122 = 2,80
2020,Q122 = 2,78
2020,Q122 = 2,86
2020,Q122 = 2,70
2020,Q122 = 2,76
2020,Q122 = 2,90
2020,Q122 = 2,86
2020,Q122 = 2,90
2020,Q122 = 2,94
2020,Q122 = 2,86
2020,Q122 = 2,88
2020,Q122 = 2,89
2020,Q122 = 2,81
2020,Q122 = 2,86
2020,Q122 = 2,88
2020,Q122 = 2,82
2020,Q122 = 2,80
2020,Q122 = 2,88
2020,Q122 = 2,85
2020,Q122 = 2,85
2020,Q122 = 2,91
2020,Q122 = 2,87
2020,Q122 = 2,85
2020,Q122 = 2,87
2020,Q122 = 2,76
2020,Q122 = 2,88
2020,Q122 = 2,80
2020,Q122 = 2,65
2020,Q122 = 2,73
2020,Q122 = 2,81
2020,Q122 = 2,90
2020,Q122 = 2,85
2020,Q122 = 2,94
2020,Q122 = 2,95
2020,Q122 = 2,82
2020,Q122 = 2,83
2020,Q122 = 2,86
2020,Q122 = 2,95
2020,Q122 = 2,79
2020,Q122 = 2,83
2020,Q122 = 2,76
2020,Q122 = 2,97
2020,Q122 = 2,71
2020,Q122 = 3,82
2020,Q122 = 3,80
2020,Q122 = 3,78
2020,Q122 = 3,81
2020,Q122 = 3,61
2020,Q122 = 3,69
2020,Q122 = 3,88
2020,Q122 = 3,89
2020,Q122 = 3,93
2020,Q122 = 3,84
2020,Q122 = 3,84
2020,Q122 = 3,93
2020,Q122 = 3,88
2020,Q122 = 3,77
2020,Q122 = 3,89
2020,Q122 = 3,91
2020,Q122 = 3,77
2020,Q122 = 3,84
2020,Q122 = 3,88
2020,Q122 = 3,85
2020,Q122 = 3,92
2020,Q122 = 3,95
2020,Q122 = 3,100
2020,Q122 = 3,87
2020,Q122 = 3,94
2020,Q122 = 3,87
2020,Q122 = 3,96
2020,Q122 = 3,100
2020,Q122 = 3,85
2020,Q122 = 3,87
2020,Q122 = 3,100
2020,Q122 = 3,67
2020,Q122 = 3,87
2020,Q122 = 3,91
2020,Q122 = 3,88
2020,Q122 = 3,39
2020,Q122 = 3,92
2020,Q122 = 4,84
2020,Q122 = 4,80
2020,Q122 = 4,82
2020,Q122 = 4,96
2020,Q122 = 4,64
2020,Q122 = 4,70
2020,Q122 = 4,86
2020,Q122 = 4,88
2020,Q122 = 4,95
2020,Q122 = 4,80
2020,Q122 = 4,81
2020,Q122 = 4,91
2020,Q122 = 4,86
2020,Q122 = 4,79
2020,Q122 = 4,100
2020,Q122 = 4,95
2020,Q122 = 4,80
2020,Q122 = 4,80
2020,Q122 = 4,81
2020,Q122 = 4,93
2020,Q122 = 4,95
2020,Q122 = 4,94
2020,Q122 = 4,84
2020,Q122 = 4,67
2020,Q122 = 4,93
2020,Q122 = 4,89
2020,Q122 = 5,78
2020,Q122 = 5,79
2020,Q122 = 5,73
2020,Q122 = 5,77
2020,Q122 = 5,57
2020,Q122 = 5,80
2020,Q122 = 5,86
2020,Q122 = 5,86
2020,Q122 = 5,86
2020,Q122 = 5,82
2020,Q122 = 5,85
2020,Q122 = 5,87
2020,Q122 = 5,83
2020,Q122 = 5,77
2020,Q122 = 5,83
2020,Q122 = 5,87
2020,Q122 = 5,76
2020,Q122 = 5,77
2020,Q122 = 5,80
2020,Q122 = 5,80
2020,Q122 = 5,85
2020,Q122 = 5,85
2020,Q122 = 5,88
2020,Q122 = 5,72
2020,Q122 = 5,89
2020,Q122 = 5,68
2020,Q122 = 5,89
2020,Q122 = 5,80
2020,Q122 = 5,78
2020,Q122 = 5,97
2020,Q122 = 5,83
2020,Q122 = 5,100
2020,Q122 = 5,85
2020,Q122 = 5,83
2020,Q122 = 5,82
2020,Q122 = 5,90
2020,Q122 = 5,81
2020,Q122 = 5,93
2020,Q122 = 5,88
2020,Q122 = 5,96
2020,Q122 = 5,86
2020,Q122 = 5,91
2020,Q122 = 5,87
2020,Q122 = 5,91
2020,Q122 = 5,83
2020,Q122 = 5,84
2020,Q122 = 5,96
2020,Q122 = 5,92
2020,Q122 = 5,91
2020,Q122 = 5,77
2020,Q122 = 5,85
2020,Q122 = 5,76
2020,Q122 = 5,85
2020,Q122 = 5,87
2020,Q122 = 5,94
2020,Q122 = 5,86
2020,Q122 = 5,66
2020,Q122 = 5,84
2020,Q122 = 5,80
2020,Q122 = 5,77
2020,Q122 = 5,94
2020,Q122 = 5,81
2020,Q122 = 5,77
2020,Q122 = 5,95
2020,Q122 = 5,94
2020,Q122 = 5,48
2020,Q122 = 5,84
2020,Q115 = 1,36
2020,Q115 = 1,38
2020,Q115 = 1,32
2020,Q115 = 1,42
2020,Q115 = 1,25
2020,Q115 = 1,27
2020,Q115 = 1,38
2020,Q115 = 1,40
2020,Q115 = 1,47
2020,Q115 = 1,34
2020,Q115 = 1,35
2020,Q115 = 1,39
2020,Q115 = 1,40
2020,Q115 = 1,34
2020,Q115 = 1,40
2020,Q115 = 1,37
2020,Q115 = 1,40
2020,Q115 = 1,37
2020,Q115 = 1,35
2020,Q115 = 1,34
2020,Q115 = 1,45
2020,Q115 = 1,36
2020,Q115 = 1,38
2020,Q115 = 1,32
2020,Q115 = 1,40
2020,Q115 = 1,23
2020,Q115 = 1,37
2020,Q115 = 1,36
2020,Q115 = 1,36
2020,Q115 = 1,42
2020,Q115 = 1,36
2020,Q115 = 1,49
2020,Q115 = 1,49
2020,Q115 = 1,37
2020,Q115 = 1,30
2020,Q115 = 1,40
2020,Q115 = 1,33
2020,Q115 = 1,38
2020,Q115 = 1,35
2020,Q115 = 1,44
2020,Q115 = 1,45
2020,Q115 = 1,50
2020,Q115 = 1,35
2020,Q115 = 1,41
2020,Q115 = 1,53
2020,Q115 = 1,41
2020,Q115 = 1,38
2020,Q115 = 1,26
2020,Q115 = 1,40
2020,Q115 = 1,43
2020,Q115 = 1,36
2020,Q115 = 1,45
2020,Q115 = 1,37
2020,Q115 = 1,38
2020,Q115 = 1,45
2020,Q115 = 1,37
2020,Q115 = 1,34
2020,Q115 = 1,32
2020,Q115 = 1,35
2020,Q115 = 1,37
2020,Q115 = 1,36
2020,Q115 = 1,46
2020,Q115 = 1,34
2020,Q115 = 1,42
2020,Q115 = 1,51
2020,Q115 = 1,38
2020,Q115 = 1,28
2020,Q115 = 1,42
2020,Q115 = 2,42
2020,Q115 = 2,42
2020,Q115 = 2,37
2020,Q115 = 2,52
2020,Q115 = 2,40
2020,Q115 = 2,41
2020,Q115 = 2,43
2020,Q115 = 2,44
2020,Q115 = 2,49
2020,Q115 = 2,41
2020,Q115 = 2,39
2020,Q115 = 2,48
2020,Q115 = 2,47
2020,Q115 = 2,36
2020,Q115 = 2,41
2020,Q115 = 2,42
2020,Q115 = 2,44
2020,Q115 = 2,37
2020,Q115 = 2,44
2020,Q115 = 2,40
2020,Q115 = 2,47
2020,Q115 = 2,47
2020,Q115 = 2,44
2020,Q115 = 2,40
2020,Q115 = 2,33
2020,Q115 = 2,41
2020,Q115 = 2,42
2020,Q115 = 2,38
2020,Q115 = 2,36
2020,Q115 = 2,48
2020,Q115 = 2,41
2020,Q115 = 2,46
2020,Q115 = 2,57
2020,Q115 = 2,35
2020,Q115 = 2,33
2020,Q115 = 2,45
2020,Q115 = 2,39
2020,Q115 = 2,47
2020,Q115 = 2,40
2020,Q115 = 2,45
2020,Q115 = 2,42
2020,Q115 = 2,55
2020,Q115 = 2,42
2020,Q115 = 2,48
2020,Q115 = 2,53
2020,Q115 = 2,36
2020,Q115 = 2,29
2020,Q115 = 2,44
2020,Q115 = 2,52
2020,Q115 = 2,45
2020,Q115 = 2,43
2020,Q115 = 2,50
2020,Q115 = 2,46
2020,Q115 = 2,42
2020,Q115 = 2,50
2020,Q115 = 2,45
2020,Q115 = 2,40
2020,Q115 = 2,38
2020,Q115 = 2,40
2020,Q115 = 2,43
2020,Q115 = 2,46
2020,Q115 = 2,44
2020,Q115 = 2,40
2020,Q115 = 2,38
2020,Q115 = 2,48
2020,Q115 = 2,42
2020,Q115 = 2,31
2020,Q115 = 2,52
2020,Q115 = 3,45
2020,Q115 = 3,37
2020,Q115 = 3,37
2020,Q115 = 3,44
2020,Q115 = 3,47
2020,Q115 = 3,46
2020,Q115 = 3,54
2020,Q115 = 3,54
2020,Q115 = 3,27
2020,Q115 = 3,55
2020,Q115 = 3,41
2020,Q115 = 3,41
2020,Q115 = 3,40
2020,Q116 = 1,40
2020,Q116 = 1,46
2020,Q116 = 1,36
2020,Q116 = 1,51
2020,Q116 = 1,35
2020,Q116 = 1,29
2020,Q116 = 1,34
2020,Q116 = 1,43
2020,Q116 = 1,52
2020,Q116 = 1,42
2020,Q116 = 1,43
2020,Q116 = 1,46
2020,Q116 = 1,49
2020,Q116 = 1,36
2020,Q116 = 1,45
2020,Q116 = 1,43
2020,Q116 = 1,36
2020,Q116 = 1,37
2020,Q116 = 1,46
2020,Q116 = 1,45
2020,Q116 = 1,47
2020,Q116 = 1,44
2020,Q116 = 1,44
2020,Q116 = 1,28
2020,Q116 = 1,31
2020,Q116 = 1,40
2020,Q116 = 1,44
2020,Q116 = 1,50
2020,Q116 = 1,41
2020,Q116 = 1,30
2020,Q116 = 1,29
2020,Q116 = 1,33
2020,Q116 = 1,45
2020,Q116 = 1,47
2020,Q116 = 1,58
2020,Q116 = 1,35
2020,Q116 = 1,69
2020,Q116 = 1,47
2020,Q116 = 1,43
2020,Q116 = 1,66
2020,Q116 = 1,50
2020,Q116 = 1,41
2020,Q116 = 1,41
2020,Q116 = 1,38
2020,Q116 = 1,44
2020,Q116 = 1,30
2020,Q116 = 1,41
2020,Q116 = 1,35
2020,Q116 = 1,52
2020,Q116 = 2,39
2020,Q116 = 2,40
2020,Q116 = 2,35
2020,Q116 = 2,46
2020,Q116 = 2,32
2020,Q116 = 2,33
2020,Q116 = 2,42
2020,Q116 = 2,42
2020,Q116 = 2,48
2020,Q116 = 2,38
2020,Q116 = 2,37
2020,Q116 = 2,44
2020,Q116 = 2,43
2020,Q116 = 2,35
2020,Q116 = 2,41
2020,Q116 = 2,39
2020,Q116 = 2,44
2020,Q116 = 2,37
2020,Q116 = 2,42
2020,Q116 = 2,38
2020,Q116 = 2,47
2020,Q116 = 2,44
2020,Q116 = 2,42
2020,Q116 = 2,37
2020,Q116 = 2,32
2020,Q116 = 2,40
2020,Q116 = 2,37
2020,Q116 = 2,37
2020,Q116 = 2,45
2020,Q116 = 2,39
2020,Q116 = 2,31
2020,Q116 = 2,45
2020,Q116 = 2,43
2020,Q116 = 2,54
2020,Q116 = 2,38
2020,Q116 = 2,38
2020,Q116 = 2,44
2020,Q116 = 2,41
2020,Q116 = 2,43
2020,Q116 = 2,39
2020,Q116 = 2,48
2020,Q116 = 2,38
2020,Q116 = 2,35
2020,Q116 = 2,41
2020,Q116 = 2,41
2020,Q116 = 2,45
2020,Q116 = 2,40
2020,Q116 = 2,30
2020,Q116 = 2,48
2020,Q117 = 1,41
2020,Q117 = 1,36
2020,Q117 = 1,50
2020,Q117 = 1,38
2020,Q117 = 1,30
2020,Q117 = 1,46
2020,Q117 = 1,46
2020,Q117 = 1,40
2020,Q117 = 1,37
2020,Q117 = 1,38
2020,Q117 = 1,52
2020,Q117 = 1,41
2020,Q117 = 1,49
2020,Q117 = 1,39
2020,Q117 = 1,48
2020,Q117 = 1,72
2020,Q117 = 1,38
2020,Q117 = 1,48
2020,Q117 = 1,30
2020,Q117 = 1,63
2020,Q117 = 2,38
2020,Q117 = 2,45
2020,Q117 = 2,36
2020,Q117 = 2,51
2020,Q117 = 2,31
2020,Q117 = 2,26
2020,Q117 = 2,39
2020,Q117 = 2,42
2020,Q117 = 2,63
2020,Q117 = 2,40
2020,Q117 = 2,42
2020,Q117 = 2,44
2020,Q117 = 2,52
2020,Q117 = 2,36
2020,Q117 = 2,44
2020,Q117 = 2,33
2020,Q117 = 2,32
2020,Q117 = 2,45
2020,Q117 = 2,43
2020,Q117 = 2,36
2020,Q117 = 2,36
2020,Q117 = 2,30
2020,Q117 = 2,24
2020,Q117 = 2,56
2020,Q117 = 2,47
2020,Q117 = 2,36
2020,Q117 = 2,31
2020,Q117 = 2,40
2020,Q117 = 2,37
2020,Q117 = 2,31
2020,Q117 = 3,44
2020,Q117 = 3,36
2020,Q117 = 3,64
2020,Q117 = 3,22
2020,Q117 = 3,27
2020,Q117 = 3,53
2020,Q117 = 3,49
2020,Q117 = 3,53
2020,Q117 = 3,50
2020,Q117 = 3,57
2020,Q118 = 1,45
2020,Q118 = 1,45
2020,Q118 = 1,40
2020,Q118 = 1,50
2020,Q118 = 1,41
2020,Q118 = 1,45
2020,Q118 = 1,47
2020,Q118 = 1,51
2020,Q118 = 1,51
2020,Q118 = 1,42
2020,Q118 = 1,50
2020,Q118 = 1,54
2020,Q118 = 1,49
2020,Q118 = 1,38
2020,Q118 = 1,46
2020,Q118 = 1,42
2020,Q118 = 1,51
2020,Q118 = 1,41
2020,Q118 = 1,50
2020,Q118 = 1,43
2020,Q118 = 1,59
2020,Q118 = 1,41
2020,Q118 = 1,50
2020,Q118 = 1,38
2020,Q118 = 1,46
2020,Q118 = 1,41
2020,Q118 = 1,48
2020,Q118 = 1,37
2020,Q118 = 1,45
2020,Q118 = 1,48
2020,Q118 = 1,47
2020,Q118 = 1,65
2020,Q118 = 1,38
2020,Q118 = 1,44
2020,Q118 = 1,35
2020,Q118 = 1,35
2020,Q118 = 1,54
2020,Q118 = 1,32
2020,Q118 = 1,62
2020,Q118 = 1,61
2020,Q118 = 1,47
2020,Q118 = 1,66
2020,Q118 = 1,40
2020,Q118 = 1,38
2020,Q118 = 1,55
2020,Q118 = 1,47
2020,Q118 = 1,58
2020,Q118 = 1,52
2020,Q118 = 1,80
2020,Q118 = 1,38
2020,Q118 = 1,32
2020,Q118 = 1,58
2020,Q118 = 1,61
2020,Q118 = 1,26
2020,Q118 = 1,42
2020,Q118 = 1,60
2020,Q118 = 1,48
2020,Q118 = 1,49
2020,Q118 = 1,50
2020,Q118 = 1,41
2020,Q118 = 1,43
2020,Q118 = 1,39
2020,Q118 = 1,51
2020,Q118 = 1,38
2020,Q118 = 1,48
2020,Q118 = 2,39
2020,Q118 = 2,40
2020,Q118 = 2,35
2020,Q118 = 2,46
2020,Q118 = 2,31
2020,Q118 = 2,32
2020,Q118 = 2,41
2020,Q118 = 2,41
2020,Q118 = 2,48
2020,Q118 = 2,38
2020,Q118 = 2,36
2020,Q118 = 2,44
2020,Q118 = 2,43
2020,Q118 = 2,35
2020,Q118 = 2,40
2020,Q118 = 2,39
2020,Q118 = 2,42
2020,Q118 = 2,36
2020,Q118 = 2,41
2020,Q118 = 2,38
2020,Q118 = 2,46
2020,Q118 = 2,43
2020,Q118 = 2,41
2020,Q118 = 2,37
2020,Q118 = 2,36
2020,Q118 = 2,31
2020,Q118 = 2,39
2020,Q118 = 2,37
2020,Q118 = 2,36
2020,Q118 = 2,45
2020,Q118 = 2,39
2020,Q118 = 2,46
2020,Q118 = 2,55
2020,Q118 = 2,35
2020,Q118 = 2,31
2020,Q118 = 2,36
2020,Q118 = 2,42
2020,Q118 = 2,45
2020,Q118 = 2,41
2020,Q118 = 2,53
2020,Q118 = 2,37
2020,Q118 = 2,52
2020,Q118 = 2,38
2020,Q118 = 2,32
2020,Q118 = 2,37
2020,Q118 = 2,47
2020,Q118 = 2,43
2020,Q118 = 2,40
2020,Q118 = 2,45
2020,Q118 = 2,43
2020,Q118 = 2,41
2020,Q118 = 2,47
2020,Q118 = 2,41
2020,Q118 = 2,39
2020,Q118 = 2,34
2020,Q118 = 2,36
2020,Q118 = 2,40
2020,Q118 = 2,40
2020,Q118 = 2,45
2020,Q118 = 2,40
2020,Q118 = 2,39
2020,Q118 = 2,49
2020,Q118 = 2,38
2020,Q118 = 2,29
2020,Q118 = 2,48
2020,Q119A = 1,45
2020,Q119A = 1,49
2020,Q119A = 1,42
2020,Q119A = 1,51
2020,Q119A = 1,45
2020,Q119A = 1,37
2020,Q119A = 1,39
2020,Q119A = 1,53
2020,Q119A = 1,41
2020,Q119A = 1,24
2020,Q119A = 1,50
2020,Q119A = 1,52
2020,Q119A = 1,51
2020,Q119A = 1,42
2020,Q119A = 1,52
2020,Q119A = 1,25
2020,Q119A = 1,59
2020,Q119A = 1,58
2020,Q119A = 1,49
2020,Q119A = 1,37
2020,Q119A = 1,55
2020,Q119A = 1,47
2020,Q119A = 1,20
2020,Q119A = 1,47
2020,Q119A = 1,41
2020,Q119A = 1,47
2020,Q119A = 1,37
2020,Q119A = 1,41
2020,Q119A = 1,35
2020,Q119A = 1,50
2020,Q119A = 1,50
2020,Q119A = 1,27
2020,Q119A = 2,45
2020,Q119A = 2,45
2020,Q119A = 2,40
2020,Q119A = 2,50
2020,Q119A = 2,41
2020,Q119A = 2,46
2020,Q119A = 2,47
2020,Q119A = 2,51
2020,Q119A = 2,52
2020,Q119A = 2,43
2020,Q119A = 2,49
2020,Q119A = 2,54
2020,Q119A = 2,49
2020,Q119A = 2,38
2020,Q119A = 2,46
2020,Q119A = 2,43
2020,Q119A = 2,50
2020,Q119A = 2,41
2020,Q119A = 2,50
2020,Q119A = 2,44
2020,Q119A = 2,59
2020,Q119A = 2,40
2020,Q119A = 2,53
2020,Q119A = 2,41
2020,Q119A = 2,48
2020,Q119A = 2,34
2020,Q119A = 2,32
2020,Q119A = 2,47
2020,Q119A = 2,61
2020,Q119A = 2,43
2020,Q119A = 2,48
2020,Q119A = 2,50
2020,Q119A = 2,50
2020,Q119A = 2,51
2020,Q119A = 2,36
2020,Q119A = 2,52
2020,Q119B = 1,44
2020,Q119B = 1,46
2020,Q119B = 1,43
2020,Q119B = 1,53
2020,Q119B = 1,39
2020,Q119B = 1,44
2020,Q119B = 1,47
2020,Q119B = 1,48
2020,Q119B = 1,43
2020,Q119B = 1,50
2020,Q119B = 1,42
2020,Q119B = 1,45
2020,Q119B = 1,43
2020,Q119B = 1,27
2020,Q119B = 1,50
2020,Q119B = 1,26
2020,Q119B = 1,42
2020,Q119B = 1,42
2020,Q119B = 1,49
2020,Q119B = 1,45
2020,Q119B = 1,59
2020,Q119B = 1,35
2020,Q119B = 1,47
2020,Q119B = 1,41
2020,Q119B = 1,42
2020,Q119B = 1,22
2020,Q119B = 1,64
2020,Q119B = 1,29
2020,Q119B = 1,33
2020,Q119B = 1,41
2020,Q119B = 1,48
2020,Q119B = 1,42
2020,Q119B = 1,21
2020,Q119B = 1,51
2020,Q119B = 2,45
2020,Q119B = 2,45
2020,Q119B = 2,39
2020,Q119B = 2,49
2020,Q119B = 2,42
2020,Q119B = 2,45
2020,Q119B = 2,47
2020,Q119B = 2,52
2020,Q119B = 2,52
2020,Q119B = 2,41
2020,Q119B = 2,50
2020,Q119B = 2,55
2020,Q119B = 2,51
2020,Q119B = 2,39
2020,Q119B = 2,45
2020,Q119B = 2,45
2020,Q119B = 2,53
2020,Q119B = 2,41
2020,Q119B = 2,50
2020,Q119B = 2,43
2020,Q119B = 2,59
2020,Q119B = 2,53
2020,Q119B = 2,48
2020,Q119B = 2,33
2020,Q119B = 2,48
2020,Q119B = 2,42
2020,Q119B = 2,56
2020,Q119B = 2,55
2020,Q119B = 2,44
2020,Q119B = 2,49
2020,Q119B = 2,49
2020,Q119B = 2,51
2020,Q119B = 2,39
2020,Q119B = 2,47
2020,Q119C = 1,44
2020,Q119C = 1,43
2020,Q119C = 1,38
2020,Q119C = 1,50
2020,Q119C = 1,39
2020,Q119C = 1,48
2020,Q119C = 1,43
2020,Q119C = 1,43
2020,Q119C = 1,55
2020,Q119C = 1,47
2020,Q119C = 1,53
2020,Q119C = 1,52
2020,Q119C = 1,56
2020,Q119C = 1,33
2020,Q119C = 1,40
2020,Q119C = 1,43
2020,Q119C = 1,47
2020,Q119C = 1,35
2020,Q119C = 1,47
2020,Q119C = 1,41
2020,Q119C = 1,64
2020,Q119C = 1,53
2020,Q119C = 1,39
2020,Q119C = 1,53
2020,Q119C = 1,26
2020,Q119C = 1,56
2020,Q119C = 1,38
2020,Q119C = 1,59
2020,Q119C = 1,43
2020,Q119C = 1,54
2020,Q119C = 1,49
2020,Q119C = 1,52
2020,Q119C = 1,41
2020,Q119C = 1,51
2020,Q119C = 2,46
2020,Q119C = 2,46
2020,Q119C = 2,40
2020,Q119C = 2,51
2020,Q119C = 2,42
2020,Q119C = 2,44
2020,Q119C = 2,48
2020,Q119C = 2,54
2020,Q119C = 2,50
2020,Q119C = 2,41
2020,Q119C = 2,49
2020,Q119C = 2,54
2020,Q119C = 2,48
2020,Q119C = 2,39
2020,Q119C = 2,47
2020,Q119C = 2,42
2020,Q119C = 2,52
2020,Q119C = 2,43
2020,Q119C = 2,51
2020,Q119C = 2,44
2020,Q119C = 2,58
2020,Q119C = 2,50
2020,Q119C = 2,38
2020,Q119C = 2,47
2020,Q119C = 2,37
2020,Q119C = 2,46
2020,Q119C = 2,40
2020,Q119C = 2,50
2020,Q119C = 2,42
2020,Q119C = 2,47
2020,Q119C = 2,49
2020,Q119C = 2,49
2020,Q119C = 2,41
2020,Q119C = 2,37
2020,Q119C = 2,48
2020,Q119D = 1,47
2020,Q119D = 1,47
2020,Q119D = 1,39
2020,Q119D = 1,50
2020,Q119D = 1,45
2020,Q119D = 1,43
2020,Q119D = 1,43
2020,Q119D = 1,58
2020,Q119D = 1,53
2020,Q119D = 1,53
2020,Q119D = 1,63
2020,Q119D = 1,51
2020,Q119D = 1,51
2020,Q119D = 1,42
2020,Q119D = 1,49
2020,Q119D = 1,36
2020,Q119D = 1,57
2020,Q119D = 1,46
2020,Q119D = 1,46
2020,Q119D = 1,51
2020,Q119D = 1,61
2020,Q119D = 1,29
2020,Q119D = 1,66
2020,Q119D = 1,35
2020,Q119D = 1,63
2020,Q119D = 1,27
2020,Q119D = 1,50
2020,Q119D = 1,45
2020,Q119D = 1,49
2020,Q119D = 1,50
2020,Q119D = 1,33
2020,Q119D = 1,25
2020,Q119D = 2,45
2020,Q119D = 2,45
2020,Q119D = 2,40
2020,Q119D = 2,50
2020,Q119D = 2,41
2020,Q119D = 2,45
2020,Q119D = 2,47
2020,Q119D = 2,50
2020,Q119D = 2,51
2020,Q119D = 2,41
2020,Q119D = 2,48
2020,Q119D = 2,54
2020,Q119D = 2,49
2020,Q119D = 2,38
2020,Q119D = 2,46
2020,Q119D = 2,43
2020,Q119D = 2,50
2020,Q119D = 2,41
2020,Q119D = 2,51
2020,Q119D = 2,42
2020,Q119D = 2,58
2020,Q119D = 2,53
2020,Q119D = 2,46
2020,Q119D = 2,35
2020,Q119D = 2,45
2020,Q119D = 2,66
2020,Q119D = 2,42
2020,Q119D = 2,52
2020,Q119D = 2,80
2020,Q119D = 2,42
2020,Q119D = 2,47
2020,Q119D = 2,49
2020,Q119D = 2,52
2020,Q119D = 2,39
2020,Q119D = 2,39
2020,Q119E = 1,50
2020,Q119E = 1,47
2020,Q119E = 1,45
2020,Q119E = 1,57
2020,Q119E = 1,41
2020,Q119E = 1,48
2020,Q119E = 1,49
2020,Q119E = 1,55
2020,Q119E = 1,55
2020,Q119E = 1,45
2020,Q119E = 1,56
2020,Q119E = 1,61
2020,Q119E = 1,56
2020,Q119E = 1,46
2020,Q119E = 1,51
2020,Q119E = 1,53
2020,Q119E = 1,58
2020,Q119E = 1,37
2020,Q119E = 1,56
2020,Q119E = 1,47
2020,Q119E = 1,56
2020,Q119E = 1,52
2020,Q119E = 1,53
2020,Q119E = 1,50
2020,Q119E = 1,56
2020,Q119E = 1,65
2020,Q119E = 1,54
2020,Q119E = 1,58
2020,Q119E = 1,71
2020,Q119E = 1,51
2020,Q119E = 1,39
2020,Q119E = 1,36
2020,Q119E = 1,49
2020,Q119E = 1,62
2020,Q119E = 1,74
2020,Q119E = 1,59
2020,Q119E = 1,55
2020,Q119E = 1,46
2020,Q119E = 1,50
2020,Q119E = 1,62
2020,Q119E = 1,65
2020,Q119E = 1,61
2020,Q119E = 1,34
2020,Q119E = 1,25
2020,Q119E = 1,68
2020,Q119E = 1,68
2020,Q119E = 1,23
2020,Q119E = 1,46
2020,Q119E = 1,56
2020,Q119E = 1,63
2020,Q119E = 1,61
2020,Q119E = 1,60
2020,Q119E = 1,36
2020,Q119E = 1,44
2020,Q119E = 2,43
2020,Q119E = 2,44
2020,Q119E = 2,36
2020,Q119E = 2,47
2020,Q119E = 2,42
2020,Q119E = 2,44
2020,Q119E = 2,45
2020,Q119E = 2,50
2020,Q119E = 2,49
2020,Q119E = 2,41
2020,Q119E = 2,45
2020,Q119E = 2,50
2020,Q119E = 2,47
2020,Q119E = 2,34
2020,Q119E = 2,44
2020,Q119E = 2,36
2020,Q119E = 2,47
2020,Q119E = 2,44
2020,Q119E = 2,45
2020,Q119E = 2,41
2020,Q119E = 2,61
2020,Q119E = 2,35
2020,Q119E = 2,48
2020,Q119E = 2,33
2020,Q119E = 2,39
2020,Q119E = 2,38
2020,Q119E = 2,28
2020,Q119E = 2,34
2020,Q119E = 2,37
2020,Q119E = 2,45
2020,Q119E = 2,47
2020,Q119E = 2,34
2020,Q119E = 2,26
2020,Q119E = 2,42
2020,Q119E = 2,57
2020,Q119E = 2,63
2020,Q119E = 2,43
2020,Q119E = 2,35
2020,Q119E = 2,27
2020,Q119E = 2,51
2020,Q119E = 2,53
2020,Q119E = 2,47
2020,Q119E = 2,40
2020,Q119E = 2,36
2020,Q119E = 2,53
2020,Q119E = 2,51
2020,Q119E = 2,27
2020,Q119E = 2,41
2020,Q119E = 2,44
2020,Q119E = 2,43
2020,Q119E = 2,46
2020,Q119E = 2,34
2020,Q119E = 2,39
2020,Q119E = 2,50
2020,Q119F = 1,50
2020,Q119F = 1,50
2020,Q119F = 1,45
2020,Q119F = 1,49
2020,Q119F = 1,41
2020,Q119F = 1,54
2020,Q119F = 1,30
2020,Q119F = 1,48
2020,Q119F = 1,61
2020,Q119F = 1,42
2020,Q119F = 1,55
2020,Q119F = 1,67
2020,Q119F = 1,68
2020,Q119F = 1,60
2020,Q119F = 1,57
2020,Q119F = 1,50
2020,Q119F = 1,65
2020,Q119F = 1,52
2020,Q119F = 1,46
2020,Q119F = 1,69
2020,Q119F = 1,49
2020,Q119F = 1,57
2020,Q119F = 1,67
2020,Q119F = 1,38
2020,Q119F = 1,37
2020,Q119F = 1,64
2020,Q119F = 1,47
2020,Q119F = 1,56
2020,Q119F = 1,67
2020,Q119F = 1,54
2020,Q119F = 1,48
2020,Q119F = 2,45
2020,Q119F = 2,45
2020,Q119F = 2,39
2020,Q119F = 2,50
2020,Q119F = 2,41
2020,Q119F = 2,44
2020,Q119F = 2,49
2020,Q119F = 2,52
2020,Q119F = 2,50
2020,Q119F = 2,42
2020,Q119F = 2,49
2020,Q119F = 2,52
2020,Q119F = 2,48
2020,Q119F = 2,36
2020,Q119F = 2,45
2020,Q119F = 2,41
2020,Q119F = 2,49
2020,Q119F = 2,41
2020,Q119F = 2,50
2020,Q119F = 2,41
2020,Q119F = 2,60
2020,Q119F = 2,49
2020,Q119F = 2,46
2020,Q119F = 2,34
2020,Q119F = 2,48
2020,Q119F = 2,47
2020,Q119F = 2,50
2020,Q119F = 2,42
2020,Q119F = 2,46
2020,Q119F = 2,47
2020,Q119F = 2,50
2020,Q119F = 2,36
2020,Q119G = 1,48
2020,Q119G = 1,48
2020,Q119G = 1,41
2020,Q119G = 1,49
2020,Q119G = 1,48
2020,Q119G = 1,48
2020,Q119G = 1,45
2020,Q119G = 1,56
2020,Q119G = 1,62
2020,Q119G = 1,47
2020,Q119G = 1,46
2020,Q119G = 1,47
2020,Q119G = 1,53
2020,Q119G = 1,41
2020,Q119G = 1,45
2020,Q119G = 1,47
2020,Q119G = 1,55
2020,Q119G = 1,52
2020,Q119G = 1,44
2020,Q119G = 1,50
2020,Q119G = 1,54
2020,Q119G = 1,41
2020,Q119G = 1,53
2020,Q119G = 1,32
2020,Q119G = 1,60
2020,Q119G = 1,40
2020,Q119G = 1,27
2020,Q119G = 1,70
2020,Q119G = 1,69
2020,Q119G = 1,31
2020,Q119G = 1,34
2020,Q119G = 1,58
2020,Q119G = 1,78
2020,Q119G = 1,71
2020,Q119G = 1,42
2020,Q119G = 1,28
2020,Q119G = 1,49
2020,Q119G = 1,31
2020,Q119G = 1,63
2020,Q119G = 1,38
2020,Q119G = 1,30
2020,Q119G = 1,82
2020,Q119G = 1,65
2020,Q119G = 1,44
2020,Q119G = 1,53
2020,Q119G = 1,48
2020,Q119G = 1,64
2020,Q119G = 1,51
2020,Q119G = 1,65
2020,Q119G = 2,44
2020,Q119G = 2,44
2020,Q119G = 2,39
2020,Q119G = 2,51
2020,Q119G = 2,39
2020,Q119G = 2,44
2020,Q119G = 2,47
2020,Q119G = 2,50
2020,Q119G = 2,47
2020,Q119G = 2,40
2020,Q119G = 2,51
2020,Q119G = 2,57
2020,Q119G = 2,48
2020,Q119G = 2,37
2020,Q119G = 2,46
2020,Q119G = 2,40
2020,Q119G = 2,48
2020,Q119G = 2,38
2020,Q119G = 2,53
2020,Q119G = 2,40
2020,Q119G = 2,61
2020,Q119G = 2,41
2020,Q119G = 2,49
2020,Q119G = 2,40
2020,Q119G = 2,43
2020,Q119G = 2,36
2020,Q119G = 2,57
2020,Q119G = 2,38
2020,Q119G = 2,63
2020,Q119G = 2,54
2020,Q119G = 2,35
2020,Q119G = 2,51
2020,Q119G = 2,58
2020,Q119G = 2,54
2020,Q119G = 2,49
2020,Q119G = 2,45
2020,Q119G = 2,59
2020,Q119G = 2,67
2020,Q119G = 2,44
2020,Q119G = 2,38
2020,Q119G = 2,32
2020,Q119G = 2,50
2020,Q119G = 2,59
2020,Q119G = 2,41
2020,Q119G = 2,45
2020,Q119G = 2,50
2020,Q119G = 2,44
2020,Q119G = 2,28
2020,Q119G = 2,40
2020,Q119H = 1,49
2020,Q119H = 1,50
2020,Q119H = 1,45
2020,Q119H = 1,52
2020,Q119H = 1,40
2020,Q119H = 1,56
2020,Q119H = 1,48
2020,Q119H = 1,54
2020,Q119H = 1,69
2020,Q119H = 1,37
2020,Q119H = 1,49
2020,Q119H = 1,62
2020,Q119H = 1,49
2020,Q119H = 1,37
2020,Q119H = 1,53
2020,Q119H = 1,39
2020,Q119H = 1,60
2020,Q119H = 1,42
2020,Q119H = 1,66
2020,Q119H = 1,45
2020,Q119H = 1,43
2020,Q119H = 1,35
2020,Q119H = 1,53
2020,Q119H = 1,44
2020,Q119H = 1,58
2020,Q119H = 1,55
2020,Q119H = 1,52
2020,Q119H = 1,42
2020,Q119H = 1,45
2020,Q119H = 1,55
2020,Q119H = 1,62
2020,Q119H = 1,71
2020,Q119H = 1,51
2020,Q119H = 1,70
2020,Q119H = 1,50
2020,Q119H = 1,39
2020,Q119H = 1,48
2020,Q119H = 1,58
2020,Q119H = 1,58
2020,Q119H = 1,47
2020,Q119H = 2,45
2020,Q119H = 2,44
2020,Q119H = 2,38
2020,Q119H = 2,50
2020,Q119H = 2,42
2020,Q119H = 2,43
2020,Q119H = 2,46
2020,Q119H = 2,51
2020,Q119H = 2,47
2020,Q119H = 2,44
2020,Q119H = 2,50
2020,Q119H = 2,52
2020,Q119H = 2,50
2020,Q119H = 2,38
2020,Q119H = 2,44
2020,Q119H = 2,42
2020,Q119H = 2,50
2020,Q119H = 2,41
2020,Q119H = 2,48
2020,Q119H = 2,43
2020,Q119H = 2,62
2020,Q119H = 2,44
2020,Q119H = 2,49
2020,Q119H = 2,37
2020,Q119H = 2,42
2020,Q119H = 2,46
2020,Q119H = 2,45
2020,Q119H = 2,33
2020,Q119H = 2,32
2020,Q119H = 2,64
2020,Q119H = 2,45
2020,Q119H = 2,35
2020,Q119H = 2,52
2020,Q119H = 2,29
2020,Q119H = 2,15
2020,Q119H = 2,43
2020,Q119H = 2,48
2020,Q119H = 2,47
2020,Q119H = 2,49
2020,Q119H = 2,36
2020,Q119I = 1,44
2020,Q119I = 1,41
2020,Q119I = 1,42
2020,Q119I = 1,50
2020,Q119I = 1,37
2020,Q119I = 1,37
2020,Q119I = 1,62
2020,Q119I = 1,29
2020,Q119I = 1,43
2020,Q119I = 2,45
2020,Q119I = 2,45
2020,Q119I = 2,40
2020,Q119I = 2,50
2020,Q119I = 2,42
2020,Q119I = 2,45
2020,Q119I = 2,51
2020,Q119I = 2,41
2020,Q119I = 2,37
2020,Q119I = 2,48
2020,Q119I = 2,47
2020,Q119I = 2,65
2020,Q119I = 2,38
2020,Q119I = 2,44
2020,Q119I = 2,35
2020,Q119I = 2,54
2020,Q119I = 2,32
2020,Q119I = 2,62
2020,Q119I = 2,61
2020,Q119I = 2,55
2020,Q119I = 2,47
2020,Q119I = 2,38
2020,Q119I = 2,32
2020,Q119I = 2,42
2020,Q119I = 2,41
2020,Q119I = 2,39
2020,Q119I = 2,51
2020,Q119J = 1,45
2020,Q119J = 1,48
2020,Q119J = 1,36
2020,Q119J = 1,47
2020,Q119J = 1,46
2020,Q119J = 1,41
2020,Q119J = 1,50
2020,Q119J = 1,51
2020,Q119J = 1,48
2020,Q119J = 1,35
2020,Q119J = 1,59
2020,Q119J = 1,51
2020,Q119J = 1,58
2020,Q119J = 1,45
2020,Q119J = 1,42
2020,Q119J = 1,44
2020,Q119J = 1,44
2020,Q119J = 1,39
2020,Q119J = 1,59
2020,Q119J = 1,36
2020,Q119J = 1,60
2020,Q119J = 1,34
2020,Q119J = 1,70
2020,Q119J = 1,21
2020,Q119J = 1,58
2020,Q119J = 1,63
2020,Q119J = 1,38
2020,Q119J = 1,35
2020,Q119J = 1,42
2020,Q119J = 1,30
2020,Q119J = 1,46
2020,Q119J = 1,33
2020,Q119J = 1,36
2020,Q119J = 1,46
2020,Q119J = 1,48
2020,Q119J = 1,46
2020,Q119J = 1,31
2020,Q119J = 2,45
2020,Q119J = 2,45
2020,Q119J = 2,40
2020,Q119J = 2,51
2020,Q119J = 2,40
2020,Q119J = 2,46
2020,Q119J = 2,46
2020,Q119J = 2,51
2020,Q119J = 2,52
2020,Q119J = 2,44
2020,Q119J = 2,48
2020,Q119J = 2,54
2020,Q119J = 2,48
2020,Q119J = 2,37
2020,Q119J = 2,47
2020,Q119J = 2,42
2020,Q119J = 2,52
2020,Q119J = 2,42
2020,Q119J = 2,49
2020,Q119J = 2,44
2020,Q119J = 2,59
2020,Q119J = 2,42
2020,Q119J = 2,47
2020,Q119J = 2,42
2020,Q119J = 2,46
2020,Q119J = 2,66
2020,Q119J = 2,34
2020,Q119J = 2,35
2020,Q119J = 2,32
2020,Q119J = 2,48
2020,Q119J = 2,42
2020,Q119J = 2,47
2020,Q119J = 2,53
2020,Q119J = 2,39
2020,Q119J = 2,43
2020,Q119J = 2,60
2020,Q119J = 2,48
2020,Q119J = 2,49
2020,Q119J = 2,51
2020,Q119J = 2,38
2020,Q120 = 1,40
2020,Q120 = 1,41
2020,Q120 = 1,36
2020,Q120 = 1,53
2020,Q120 = 1,34
2020,Q120 = 1,37
2020,Q120 = 1,39
2020,Q120 = 1,42
2020,Q120 = 1,46
2020,Q120 = 1,38
2020,Q120 = 1,36
2020,Q120 = 1,41
2020,Q120 = 1,43
2020,Q120 = 1,36
2020,Q120 = 1,39
2020,Q120 = 1,38
2020,Q120 = 1,50
2020,Q120 = 1,39
2020,Q120 = 1,38
2020,Q120 = 1,38
2020,Q120 = 1,45
2020,Q120 = 1,44
2020,Q120 = 1,43
2020,Q120 = 1,36
2020,Q120 = 1,37
2020,Q120 = 1,34
2020,Q120 = 1,42
2020,Q120 = 1,39
2020,Q120 = 1,37
2020,Q120 = 1,41
2020,Q120 = 1,34
2020,Q120 = 1,42
2020,Q120 = 1,60
2020,Q120 = 1,36
2020,Q120 = 1,34
2020,Q120 = 1,34
2020,Q120 = 1,36
2020,Q120 = 1,46
2020,Q120 = 1,33
2020,Q120 = 1,40
2020,Q120 = 1,41
2020,Q120 = 1,55
2020,Q120 = 1,40
2020,Q120 = 1,55
2020,Q120 = 1,37
2020,Q120 = 1,31
2020,Q120 = 1,38
2020,Q120 = 1,62
2020,Q120 = 1,41
2020,Q120 = 1,42
2020,Q120 = 1,52
2020,Q120 = 1,46
2020,Q120 = 1,46
2020,Q120 = 1,35
2020,Q120 = 1,43
2020,Q120 = 1,38
2020,Q120 = 1,39
2020,Q120 = 1,49
2020,Q120 = 1,38
2020,Q120 = 1,43
2020,Q120 = 1,41
2020,Q120 = 1,42
2020,Q120 = 1,38
2020,Q120 = 1,49
2020,Q120 = 1,37
2020,Q120 = 1,35
2020,Q120 = 1,43
2020,Q120 = 2,39
2020,Q120 = 2,40
2020,Q120 = 2,35
2020,Q120 = 2,46
2020,Q120 = 2,32
2020,Q120 = 2,33
2020,Q120 = 2,42
2020,Q120 = 2,42
2020,Q120 = 2,49
2020,Q120 = 2,38
2020,Q120 = 2,37
2020,Q120 = 2,45
2020,Q120 = 2,44
2020,Q120 = 2,35
2020,Q120 = 2,41
2020,Q120 = 2,40
2020,Q120 = 2,42
2020,Q120 = 2,36
2020,Q120 = 2,42
2020,Q120 = 2,38
2020,Q120 = 2,47
2020,Q120 = 2,43
2020,Q120 = 2,42
2020,Q120 = 2,37
2020,Q120 = 2,37
2020,Q120 = 2,31
2020,Q120 = 2,40
2020,Q120 = 2,36
2020,Q120 = 2,37
2020,Q120 = 2,46
2020,Q120 = 2,40
2020,Q120 = 2,49
2020,Q120 = 2,53
2020,Q120 = 2,35
2020,Q120 = 2,31
2020,Q120 = 2,42
2020,Q120 = 2,36
2020,Q120 = 2,44
2020,Q120 = 2,38
2020,Q120 = 2,46
2020,Q120 = 2,44
2020,Q120 = 2,54
2020,Q120 = 2,37
2020,Q120 = 2,54
2020,Q120 = 2,38
2020,Q120 = 2,33
2020,Q120 = 2,40
2020,Q120 = 2,44
2020,Q120 = 2,46
2020,Q120 = 2,41
2020,Q120 = 2,48
2020,Q120 = 2,43
2020,Q120 = 2,39
2020,Q120 = 2,51
2020,Q120 = 2,43
2020,Q120 = 2,38
2020,Q120 = 2,34
2020,Q120 = 2,38
2020,Q120 = 2,42
2020,Q120 = 2,41
2020,Q120 = 2,46
2020,Q120 = 2,40
2020,Q120 = 2,40
2020,Q120 = 2,49
2020,Q120 = 2,42
2020,Q120 = 2,29
2020,Q120 = 2,49
2020,Q121A = 1,40
2020,Q121A = 1,41
2020,Q121A = 1,37
2020,Q121A = 1,54
2020,Q121A = 1,31
2020,Q121A = 1,39
2020,Q121A = 1,36
2020,Q121A = 1,41
2020,Q121A = 1,49
2020,Q121A = 1,34
2020,Q121A = 1,32
2020,Q121A = 1,35
2020,Q121A = 1,33
2020,Q121A = 1,34
2020,Q121A = 1,43
2020,Q121A = 1,36
2020,Q121A = 1,44
2020,Q121A = 1,42
2020,Q121A = 1,37
2020,Q121A = 1,33
2020,Q121A = 1,37
2020,Q121A = 1,33
2020,Q121A = 1,36
2020,Q121A = 1,40
2020,Q121A = 1,42
2020,Q121A = 1,41
2020,Q121A = 1,40
2020,Q121A = 1,33
2020,Q121A = 1,50
2020,Q121A = 1,46
2020,Q121A = 1,46
2020,Q121A = 1,69
2020,Q121A = 1,45
2020,Q121A = 1,35
2020,Q121A = 1,48
2020,Q121A = 1,48
2020,Q121A = 1,49
2020,Q121A = 1,19
2020,Q121A = 1,40
2020,Q121A = 1,72
2020,Q121A = 1,47
2020,Q121A = 1,27
2020,Q121A = 1,42
2020,Q121A = 1,52
2020,Q121A = 1,53
2020,Q121A = 1,57
2020,Q121A = 1,43
2020,Q121A = 1,29
2020,Q121A = 1,31
2020,Q121A = 1,45
2020,Q121A = 1,38
2020,Q121A = 1,45
2020,Q121A = 1,39
2020,Q121A = 1,34
2020,Q121A = 1,28
2020,Q121A = 1,49
2020,Q121A = 1,43
2020,Q121A = 2,40
2020,Q121A = 2,41
2020,Q121A = 2,36
2020,Q121A = 2,53
2020,Q121A = 2,35
2020,Q121A = 2,37
2020,Q121A = 2,40
2020,Q121A = 2,43
2020,Q121A = 2,45
2020,Q121A = 2,39
2020,Q121A = 2,37
2020,Q121A = 2,42
2020,Q121A = 2,45
2020,Q121A = 2,37
2020,Q121A = 2,39
2020,Q121A = 2,38
2020,Q121A = 2,50
2020,Q121A = 2,38
2020,Q121A = 2,38
2020,Q121A = 2,39
2020,Q121A = 2,48
2020,Q121A = 2,49
2020,Q121A = 2,45
2020,Q121A = 2,35
2020,Q121A = 2,36
2020,Q121A = 2,42
2020,Q121A = 2,39
2020,Q121A = 2,38
2020,Q121A = 2,39
2020,Q121A = 2,29
2020,Q121A = 2,41
2020,Q121A = 2,57
2020,Q121A = 2,31
2020,Q121A = 2,33
2020,Q121A = 2,31
2020,Q121A = 2,45
2020,Q121A = 2,39
2020,Q121A = 2,66
2020,Q121A = 2,40
2020,Q121A = 2,51
2020,Q121A = 2,34
2020,Q121A = 2,46
2020,Q121A = 2,41
2020,Q121A = 2,40
2020,Q121A = 2,44
2020,Q121A = 2,43
2020,Q121A = 2,31
2020,Q121A = 2,48
2020,Q121A = 2,40
2020,Q121A = 2,38
2020,Q121A = 2,39
2020,Q121A = 2,43
2020,Q121A = 2,42
2020,Q121A = 2,46
2020,Q121A = 2,41
2020,Q121A = 2,31
2020,Q121A = 2,44
2020,Q121B = 1,42
2020,Q121B = 1,43
2020,Q121B = 1,37
2020,Q121B = 1,56
2020,Q121B = 1,32
2020,Q121B = 1,35
2020,Q121B = 1,44
2020,Q121B = 1,44
2020,Q121B = 1,50
2020,Q121B = 1,43
2020,Q121B = 1,37
2020,Q121B = 1,41
2020,Q121B = 1,52
2020,Q121B = 1,42
2020,Q121B = 1,41
2020,Q121B = 1,34
2020,Q121B = 1,49
2020,Q121B = 1,32
2020,Q121B = 1,31
2020,Q121B = 1,35
2020,Q121B = 1,51
2020,Q121B = 1,40
2020,Q121B = 1,36
2020,Q121B = 1,41
2020,Q121B = 1,32
2020,Q121B = 1,37
2020,Q121B = 1,60
2020,Q121B = 1,46
2020,Q121B = 1,49
2020,Q121B = 1,30
2020,Q121B = 1,40
2020,Q121B = 1,39
2020,Q121B = 1,41
2020,Q121B = 1,88
2020,Q121B = 1,45
2020,Q121B = 1,51
2020,Q121B = 1,28
2020,Q121B = 1,64
2020,Q121B = 1,38
2020,Q121B = 1,57
2020,Q121B = 1,38
2020,Q121B = 1,36
2020,Q121B = 1,46
2020,Q121B = 1,27
2020,Q121B = 1,50
2020,Q121B = 1,32
2020,Q121B = 1,31
2020,Q121B = 2,40
2020,Q121B = 2,41
2020,Q121B = 2,36
2020,Q121B = 2,52
2020,Q121B = 2,34
2020,Q121B = 2,38
2020,Q121B = 2,38
2020,Q121B = 2,42
2020,Q121B = 2,44
2020,Q121B = 2,37
2020,Q121B = 2,36
2020,Q121B = 2,41
2020,Q121B = 2,41
2020,Q121B = 2,35
2020,Q121B = 2,39
2020,Q121B = 2,39
2020,Q121B = 2,50
2020,Q121B = 2,41
2020,Q121B = 2,40
2020,Q121B = 2,39
2020,Q121B = 2,44
2020,Q121B = 2,44
2020,Q121B = 2,36
2020,Q121B = 2,36
2020,Q121B = 2,36
2020,Q121B = 2,43
2020,Q121B = 2,36
2020,Q121B = 2,35
2020,Q121B = 2,40
2020,Q121B = 2,34
2020,Q121B = 2,35
2020,Q121B = 2,40
2020,Q121B = 2,41
2020,Q121B = 2,44
2020,Q121B = 2,38
2020,Q121B = 2,56
2020,Q121B = 2,38
2020,Q121B = 2,35
2020,Q121B = 2,43
2020,Q121B = 2,42
2020,Q121B = 2,45
2020,Q121B = 2,40
2020,Q121B = 2,37
2020,Q121B = 2,46
2020,Q121B = 2,39
2020,Q121B = 2,35
2020,Q121B = 2,46
2020,Q121C = 1,45
2020,Q121C = 1,45
2020,Q121C = 1,40
2020,Q121C = 1,52
2020,Q121C = 1,58
2020,Q121C = 1,63
2020,Q121C = 1,53
2020,Q121C = 1,53
2020,Q121C = 1,54
2020,Q121C = 1,56
2020,Q121C = 1,42
2020,Q121C = 1,44
2020,Q121C = 1,49
2020,Q121C = 1,31
2020,Q121C = 1,40
2020,Q121C = 1,47
2020,Q121C = 1,67
2020,Q121C = 1,57
2020,Q121C = 1,23
2020,Q121C = 1,36
2020,Q121C = 1,48
2020,Q121C = 1,75
2020,Q121C = 1,49
2020,Q121C = 1,39
2020,Q121C = 1,34
2020,Q121C = 1,57
2020,Q121C = 1,44
2020,Q121C = 1,31
2020,Q121C = 1,25
2020,Q121C = 1,36
2020,Q121C = 1,74
2020,Q121C = 2,40
2020,Q121C = 2,41
2020,Q121C = 2,36
2020,Q121C = 2,53
2020,Q121C = 2,33
2020,Q121C = 2,36
2020,Q121C = 2,39
2020,Q121C = 2,42
2020,Q121C = 2,45
2020,Q121C = 2,38
2020,Q121C = 2,36
2020,Q121C = 2,41
2020,Q121C = 2,43
2020,Q121C = 2,36
2020,Q121C = 2,39
2020,Q121C = 2,38
2020,Q121C = 2,48
2020,Q121C = 2,38
2020,Q121C = 2,39
2020,Q121C = 2,38
2020,Q121C = 2,35
2020,Q121C = 2,29
2020,Q121C = 2,41
2020,Q121C = 2,41
2020,Q121C = 2,34
2020,Q121C = 2,60
2020,Q121C = 2,36
2020,Q121C = 2,34
2020,Q121C = 2,34
2020,Q121C = 2,36
2020,Q121C = 2,46
2020,Q121C = 2,33
2020,Q121C = 2,41
2020,Q121C = 2,38
2020,Q121C = 2,41
2020,Q121C = 2,39
2020,Q121C = 2,49
2020,Q121C = 2,39
2020,Q121C = 2,45
2020,Q121C = 2,49
2020,Q121C = 2,35
2020,Q121C = 2,40
2020,Q121D = 1,42
2020,Q121D = 1,48
2020,Q121D = 1,60
2020,Q121D = 1,54
2020,Q121D = 1,6
2020,Q121D = 1,42
2020,Q121D = 1,26
2020,Q121D = 1,33
2020,Q121D = 1,44
2020,Q121D = 1,27
2020,Q121D = 1,61
2020,Q121D = 1,27
2020,Q121D = 1,61
2020,Q121D = 1,43
2020,Q121D = 2,40
2020,Q121D = 2,41
2020,Q121D = 2,36
2020,Q121D = 2,53
2020,Q121D = 2,34
2020,Q121D = 2,37
2020,Q121D = 2,39
2020,Q121D = 2,43
2020,Q121D = 2,46
2020,Q121D = 2,41
2020,Q121D = 2,43
2020,Q121D = 2,36
2020,Q121D = 2,39
2020,Q121D = 2,44
2020,Q121D = 2,34
2020,Q121D = 2,39
2020,Q121D = 2,34
2020,Q121D = 2,42
2020,Q121D = 2,60
2020,Q121D = 2,34
2020,Q121D = 2,36
2020,Q121D = 2,33
2020,Q121D = 2,55
2020,Q121D = 2,55
2020,Q121D = 2,31
2020,Q121D = 2,38
2020,Q121D = 2,62
2020,Q121D = 2,42
2020,Q121D = 2,52
2020,Q121D = 2,35
2020,Q121D = 2,43
2020,Q121D = 2,39
2020,Q121D = 2,49
2020,Q121D = 2,41
2020,Q121D = 2,42
2020,Q121D = 2,35
2020,Q121E = 1,41
2020,Q121E = 1,50
2020,Q121E = 1,38
2020,Q121E = 1,74
2020,Q121E = 1,44
2020,Q121E = 1,41
2020,Q121E = 1,39
2020,Q121E = 1,6
2020,Q121E = 1,54
2020,Q121E = 1,45
2020,Q121E = 1,41
2020,Q121E = 1,29
2020,Q121E = 1,48
2020,Q121E = 1,44
2020,Q121E = 1,49
2020,Q121E = 1,40
2020,Q121E = 1,36
2020,Q121E = 2,40
2020,Q121E = 2,41
2020,Q121E = 2,36
2020,Q121E = 2,53
2020,Q121E = 2,34
2020,Q121E = 2,37
2020,Q121E = 2,39
2020,Q121E = 2,43
2020,Q121E = 2,46
2020,Q121E = 2,41
2020,Q121E = 2,43
2020,Q121E = 2,36
2020,Q121E = 2,39
2020,Q121E = 2,50
2020,Q121E = 2,38
2020,Q121E = 2,44
2020,Q121E = 2,37
2020,Q121E = 2,41
2020,Q121E = 2,34
2020,Q121E = 2,36
2020,Q121E = 2,34
2020,Q121E = 2,36
2020,Q121E = 2,46
2020,Q121E = 2,33
2020,Q121E = 2,41
2020,Q121E = 2,40
2020,Q121E = 2,31
2020,Q121E = 2,62
2020,Q121E = 2,52
2020,Q121E = 2,43
2020,Q121E = 2,39
2020,Q121E = 2,49
2020,Q121E = 2,42
2020,Q121E = 2,49
2020,Q121F = 1,39
2020,Q121F = 1,39
2020,Q121F = 1,32
2020,Q121F = 1,57
2020,Q121F = 1,31
2020,Q121F = 1,43
2020,Q121F = 1,33
2020,Q121F = 1,45
2020,Q121F = 1,46
2020,Q121F = 1,40
2020,Q121F = 1,36
2020,Q121F = 1,42
2020,Q121F = 1,38
2020,Q121F = 1,38
2020,Q121F = 1,40
2020,Q121F = 1,43
2020,Q121F = 1,52
2020,Q121F = 1,43
2020,Q121F = 1,40
2020,Q121F = 1,42
2020,Q121F = 1,39
2020,Q121F = 1,47
2020,Q121F = 1,47
2020,Q121F = 1,30
2020,Q121F = 1,30
2020,Q121F = 1,19
2020,Q121F = 1,41
2020,Q121F = 1,20
2020,Q121F = 1,42
2020,Q121F = 1,15
2020,Q121F = 1,21
2020,Q121F = 1,30
2020,Q121F = 1,28
2020,Q121F = 1,25
2020,Q121F = 1,56
2020,Q121F = 1,25
2020,Q121F = 1,35
2020,Q121F = 1,54
2020,Q121F = 1,41
2020,Q121F = 1,28
2020,Q121F = 1,46
2020,Q121F = 1,40
2020,Q121F = 1,36
2020,Q121F = 1,27
2020,Q121F = 1,26
2020,Q121F = 1,38
2020,Q121F = 1,39
2020,Q121F = 1,44
2020,Q121F = 1,46
2020,Q121F = 1,32
2020,Q121F = 1,38
2020,Q121F = 1,57
2020,Q121F = 2,41
2020,Q121F = 2,42
2020,Q121F = 2,37
2020,Q121F = 2,52
2020,Q121F = 2,35
2020,Q121F = 2,36
2020,Q121F = 2,41
2020,Q121F = 2,42
2020,Q121F = 2,46
2020,Q121F = 2,38
2020,Q121F = 2,36
2020,Q121F = 2,41
2020,Q121F = 2,44
2020,Q121F = 2,36
2020,Q121F = 2,39
2020,Q121F = 2,37
2020,Q121F = 2,49
2020,Q121F = 2,38
2020,Q121F = 2,38
2020,Q121F = 2,37
2020,Q121F = 2,46
2020,Q121F = 2,43
2020,Q121F = 2,42
2020,Q121F = 2,37
2020,Q121F = 2,39
2020,Q121F = 2,37
2020,Q121F = 2,42
2020,Q121F = 2,45
2020,Q121F = 2,36
2020,Q121F = 2,48
2020,Q121F = 2,45
2020,Q121F = 2,37
2020,Q121F = 2,35
2020,Q121F = 2,38
2020,Q121F = 2,36
2020,Q121F = 2,43
2020,Q121F = 2,41
2020,Q121F = 2,55
2020,Q121F = 2,36
2020,Q121F = 2,32
2020,Q121F = 2,39
2020,Q121F = 2,42
2020,Q121F = 2,48
2020,Q121F = 2,37
2020,Q121F = 2,40
2020,Q121F = 2,40
2020,Q121F = 2,38
2020,Q121F = 2,43
2020,Q121F = 2,40
2020,Q121F = 2,40
2020,Q121F = 2,34
2020,Q121F = 2,41
2020,Q121G = 1,45
2020,Q121G = 1,44
2020,Q121G = 1,38
2020,Q121G = 1,58
2020,Q121G = 1,56
2020,Q121G = 1,37
2020,Q121G = 1,37
2020,Q121G = 1,53
2020,Q121G = 1,42
2020,Q121G = 1,42
2020,Q121G = 1,38
2020,Q121G = 1,35
2020,Q121G = 1,45
2020,Q121G = 1,43
2020,Q121G = 1,35
2020,Q121G = 1,73
2020,Q121G = 1,61
2020,Q121G = 1,38
2020,Q121G = 1,74
2020,Q121G = 1,58
2020,Q121G = 1,33
2020,Q121G = 1,10
2020,Q121G = 1,36
2020,Q121G = 1,55
2020,Q121G = 1,49
2020,Q121G = 1,17
2020,Q121G = 1,37
2020,Q121G = 1,45
2020,Q121G = 1,50
2020,Q121G = 2,40
2020,Q121G = 2,41
2020,Q121G = 2,36
2020,Q121G = 2,52
2020,Q121G = 2,33
2020,Q121G = 2,37
2020,Q121G = 2,39
2020,Q121G = 2,42
2020,Q121G = 2,46
2020,Q121G = 2,38
2020,Q121G = 2,36
2020,Q121G = 2,41
2020,Q121G = 2,43
2020,Q121G = 2,36
2020,Q121G = 2,40
2020,Q121G = 2,36
2020,Q121G = 2,49
2020,Q121G = 2,39
2020,Q121G = 2,36
2020,Q121G = 2,37
2020,Q121G = 2,36
2020,Q121G = 2,37
2020,Q121G = 2,42
2020,Q121G = 2,34
2020,Q121G = 2,33
2020,Q121G = 2,34
2020,Q121G = 2,46
2020,Q121G = 2,33
2020,Q121G = 2,40
2020,Q121G = 2,38
2020,Q121G = 2,43
2020,Q121G = 2,52
2020,Q121G = 2,39
2020,Q121G = 2,49
2020,Q121G = 2,38
2020,Q121G = 2,41
2020,Q121H = 1,38
2020,Q121H = 1,39
2020,Q121H = 1,38
2020,Q121H = 1,50
2020,Q121H = 1,32
2020,Q121H = 1,39
2020,Q121H = 1,40
2020,Q121H = 1,38
2020,Q121H = 1,41
2020,Q121H = 1,36
2020,Q121H = 1,34
2020,Q121H = 1,41
2020,Q121H = 1,44
2020,Q121H = 1,34
2020,Q121H = 1,35
2020,Q121H = 1,31
2020,Q121H = 1,45
2020,Q121H = 1,26
2020,Q121H = 1,36
2020,Q121H = 1,37
2020,Q121H = 1,24
2020,Q121H = 1,58
2020,Q121H = 1,36
2020,Q121H = 1,36
2020,Q121H = 1,42
2020,Q121H = 1,42
2020,Q121H = 1,20
2020,Q121H = 1,37
2020,Q121H = 1,62
2020,Q121H = 1,33
2020,Q121H = 1,20
2020,Q121H = 1,36
2020,Q121H = 1,30
2020,Q121H = 1,40
2020,Q121H = 1,47
2020,Q121H = 1,20
2020,Q121H = 1,49
2020,Q121H = 1,16
2020,Q121H = 1,35
2020,Q121H = 1,70
2020,Q121H = 1,21
2020,Q121H = 1,42
2020,Q121H = 1,36
2020,Q121H = 1,37
2020,Q121H = 1,66
2020,Q121H = 1,38
2020,Q121H = 1,36
2020,Q121H = 1,13
2020,Q121H = 1,41
2020,Q121H = 2,40
2020,Q121H = 2,41
2020,Q121H = 2,36
2020,Q121H = 2,53
2020,Q121H = 2,34
2020,Q121H = 2,37
2020,Q121H = 2,39
2020,Q121H = 2,43
2020,Q121H = 2,47
2020,Q121H = 2,39
2020,Q121H = 2,36
2020,Q121H = 2,41
2020,Q121H = 2,43
2020,Q121H = 2,37
2020,Q121H = 2,40
2020,Q121H = 2,40
2020,Q121H = 2,50
2020,Q121H = 2,40
2020,Q121H = 2,38
2020,Q121H = 2,38
2020,Q121H = 2,47
2020,Q121H = 2,42
2020,Q121H = 2,44
2020,Q121H = 2,36
2020,Q121H = 2,42
2020,Q121H = 2,39
2020,Q121H = 2,40
2020,Q121H = 2,42
2020,Q121H = 2,59
2020,Q121H = 2,34
2020,Q121H = 2,34
2020,Q121H = 2,40
2020,Q121H = 2,42
2020,Q121H = 2,59
2020,Q121H = 2,40
2020,Q121H = 2,56
2020,Q121H = 2,41
2020,Q121H = 2,26
2020,Q121H = 2,47
2020,Q121H = 2,43
2020,Q121H = 2,42
2020,Q121H = 2,39
2020,Q121H = 2,36
2020,Q121H = 2,39
2020,Q121H = 2,39
2020,Q121H = 2,40
2020,Q121H = 2,42
2020,Q121H = 2,38
2020,Q121H = 2,37
2020,Q121H = 2,44
2020,Q121I = 1,43
2020,Q121I = 1,45
2020,Q121I = 1,41
2020,Q121I = 1,45
2020,Q121I = 1,42
2020,Q121I = 1,37
2020,Q121I = 1,41
2020,Q121I = 1,40
2020,Q121I = 1,33
2020,Q121I = 1,30
2020,Q121I = 1,39
2020,Q121I = 1,50
2020,Q121I = 1,56
2020,Q121I = 1,41
2020,Q121I = 1,43
2020,Q121I = 1,57
2020,Q121I = 1,50
2020,Q121I = 1,39
2020,Q121I = 1,39
2020,Q121I = 1,34
2020,Q121I = 1,67
2020,Q121I = 1,41
2020,Q121I = 1,66
2020,Q121I = 1,39
2020,Q121I = 1,50
2020,Q121I = 1,39
2020,Q121I = 1,49
2020,Q121I = 1,43
2020,Q121I = 1,28
2020,Q121I = 1,48
2020,Q121I = 2,40
2020,Q121I = 2,41
2020,Q121I = 2,36
2020,Q121I = 2,53
2020,Q121I = 2,33
2020,Q121I = 2,37
2020,Q121I = 2,39
2020,Q121I = 2,43
2020,Q121I = 2,46
2020,Q121I = 2,39
2020,Q121I = 2,36
2020,Q121I = 2,41
2020,Q121I = 2,43
2020,Q121I = 2,36
2020,Q121I = 2,39
2020,Q121I = 2,37
2020,Q121I = 2,50
2020,Q121I = 2,39
2020,Q121I = 2,38
2020,Q121I = 2,38
2020,Q121I = 2,43
2020,Q121I = 2,35
2020,Q121I = 2,40
2020,Q121I = 2,37
2020,Q121I = 2,33
2020,Q121I = 2,33
2020,Q121I = 2,40
2020,Q121I = 2,62
2020,Q121I = 2,42
2020,Q121I = 2,39
2020,Q121I = 2,49
2020,Q121I = 2,39
2020,Q121I = 2,43
2020,Q121J = 1,41
2020,Q121J = 1,43
2020,Q121J = 1,36
2020,Q121J = 1,48
2020,Q121J = 1,34
2020,Q121J = 1,32
2020,Q121J = 1,43
2020,Q121J = 1,45
2020,Q121J = 1,40
2020,Q121J = 1,54
2020,Q121J = 1,44
2020,Q121J = 1,46
2020,Q121J = 1,42
2020,Q121J = 1,41
2020,Q121J = 1,39
2020,Q121J = 1,32
2020,Q121J = 1,38
2020,Q121J = 1,43
2020,Q121J = 1,33
2020,Q121J = 1,33
2020,Q121J = 1,46
2020,Q121J = 1,41
2020,Q121J = 1,44
2020,Q121J = 1,42
2020,Q121J = 1,41
2020,Q121J = 1,38
2020,Q121J = 1,48
2020,Q121J = 1,35
2020,Q121J = 1,23
2020,Q121J = 1,46
2020,Q121J = 1,64
2020,Q121J = 1,27
2020,Q121J = 1,42
2020,Q121J = 1,49
2020,Q121J = 1,35
2020,Q121J = 1,49
2020,Q121J = 1,33
2020,Q121J = 1,43
2020,Q121J = 1,35
2020,Q121J = 1,46
2020,Q121J = 1,45
2020,Q121J = 1,61
2020,Q121J = 1,79
2020,Q121J = 1,29
2020,Q121J = 2,40
2020,Q121J = 2,41
2020,Q121J = 2,36
2020,Q121J = 2,53
2020,Q121J = 2,34
2020,Q121J = 2,38
2020,Q121J = 2,39
2020,Q121J = 2,42
2020,Q121J = 2,46
2020,Q121J = 2,37
2020,Q121J = 2,35
2020,Q121J = 2,40
2020,Q121J = 2,43
2020,Q121J = 2,36
2020,Q121J = 2,39
2020,Q121J = 2,39
2020,Q121J = 2,51
2020,Q121J = 2,39
2020,Q121J = 2,39
2020,Q121J = 2,38
2020,Q121J = 2,45
2020,Q121J = 2,45
2020,Q121J = 2,43
2020,Q121J = 2,36
2020,Q121J = 2,37
2020,Q121J = 2,42
2020,Q121J = 2,38
2020,Q121J = 2,34
2020,Q121J = 2,33
2020,Q121J = 2,44
2020,Q121J = 2,40
2020,Q121J = 2,53
2020,Q121J = 2,38
2020,Q121J = 2,41
2020,Q121J = 2,41
2020,Q121J = 2,47
2020,Q121J = 2,41
2020,Q121J = 2,38
2020,Q121J = 2,39
2020,Q121J = 2,39
2020,Q121J = 2,42
2020,Q121J = 2,41
2020,Q121J = 2,33
2020,Q121J = 2,38
2020,Q121J = 2,45
2020,Q121K = 1,38
2020,Q121K = 1,43
2020,Q121K = 1,38
2020,Q121K = 1,45
2020,Q121K = 1,25
2020,Q121K = 1,28
2020,Q121K = 1,51
2020,Q121K = 1,42
2020,Q121K = 1,36
2020,Q121K = 1,28
2020,Q121K = 1,48
2020,Q121K = 1,44
2020,Q121K = 1,34
2020,Q121K = 1,39
2020,Q121K = 1,42
2020,Q121K = 1,23
2020,Q121K = 1,51
2020,Q121K = 1,22
2020,Q121K = 1,39
2020,Q121K = 1,44
2020,Q121K = 1,47
2020,Q121K = 1,33
2020,Q121K = 1,24
2020,Q121K = 1,33
2020,Q121K = 1,32
2020,Q121K = 1,33
2020,Q121K = 1,36
2020,Q121K = 1,46
2020,Q121K = 1,61
2020,Q121K = 2,40
2020,Q121K = 2,41
2020,Q121K = 2,36
2020,Q121K = 2,53
2020,Q121K = 2,35
2020,Q121K = 2,38
2020,Q121K = 2,39
2020,Q121K = 2,42
2020,Q121K = 2,46
2020,Q121K = 2,39
2020,Q121K = 2,35
2020,Q121K = 2,41
2020,Q121K = 2,43
2020,Q121K = 2,36
2020,Q121K = 2,39
2020,Q121K = 2,39
2020,Q121K = 2,49
2020,Q121K = 2,40
2020,Q121K = 2,38
2020,Q121K = 2,38
2020,Q121K = 2,45
2020,Q121K = 2,36
2020,Q121K = 2,34
2020,Q121K = 2,46
2020,Q121K = 2,33
2020,Q121K = 2,40
2020,Q121K = 2,37
2020,Q121K = 2,39
2020,Q121K = 2,39
2020,Q121K = 2,43
2020,Q121K = 2,34
2020,Q122 = 1,40
2020,Q122 = 1,40
2020,Q122 = 1,35
2020,Q122 = 1,47
2020,Q122 = 1,32
2020,Q122 = 1,33
2020,Q122 = 1,43
2020,Q122 = 1,42
2020,Q122 = 1,48
2020,Q122 = 1,38
2020,Q122 = 1,36
2020,Q122 = 1,44
2020,Q122 = 1,44
2020,Q122 = 1,36
2020,Q122 = 1,41
2020,Q122 = 1,41
2020,Q122 = 1,43
2020,Q122 = 1,36
2020,Q122 = 1,42
2020,Q122 = 1,39
2020,Q122 = 1,49
2020,Q122 = 1,43
2020,Q122 = 1,40
2020,Q122 = 1,37
2020,Q122 = 1,36
2020,Q122 = 1,30
2020,Q122 = 1,40
2020,Q122 = 1,38
2020,Q122 = 1,37
2020,Q122 = 1,43
2020,Q122 = 1,41
2020,Q122 = 1,47
2020,Q122 = 1,54
2020,Q122 = 1,35
2020,Q122 = 1,32
2020,Q122 = 1,40
2020,Q122 = 1,35
2020,Q122 = 1,43
2020,Q122 = 1,35
2020,Q122 = 1,44
2020,Q122 = 1,43
2020,Q122 = 1,53
2020,Q122 = 1,37
2020,Q122 = 1,55
2020,Q122 = 1,40
2020,Q122 = 1,34
2020,Q122 = 1,42
2020,Q122 = 1,48
2020,Q122 = 1,45
2020,Q122 = 1,41
2020,Q122 = 1,43
2020,Q122 = 1,43
2020,Q122 = 1,40
2020,Q122 = 1,48
2020,Q122 = 1,42
2020,Q122 = 1,36
2020,Q122 = 1,35
2020,Q122 = 1,37
2020,Q122 = 1,41
2020,Q122 = 1,41
2020,Q122 = 1,45
2020,Q122 = 1,41
2020,Q122 = 1,40
2020,Q122 = 1,48
2020,Q122 = 1,38
2020,Q122 = 1,30
2020,Q122 = 1,47
2020,Q122 = 2,34
2020,Q122 = 2,37
2020,Q122 = 2,32
2020,Q122 = 2,37
2020,Q122 = 2,41
2020,Q122 = 2,32
2020,Q122 = 2,26
2020,Q122 = 2,34
2020,Q122 = 2,42
2020,Q122 = 2,30
2020,Q122 = 2,33
2020,Q122 = 2,34
2020,Q122 = 2,30
2020,Q122 = 2,31
2020,Q122 = 2,28
2020,Q122 = 2,19
2020,Q122 = 2,37
2020,Q122 = 2,30
2020,Q122 = 2,45
2020,Q122 = 2,27
2020,Q122 = 2,30
2020,Q122 = 2,56
2020,Q122 = 2,43
2020,Q122 = 2,30
2020,Q122 = 2,29
2020,Q122 = 2,19
2020,Q122 = 2,28
2020,Q122 = 2,28
2020,Q122 = 2,25
2020,Q122 = 2,31
2020,Q122 = 2,41
2020,Q122 = 2,16
2020,Q122 = 2,28
2020,Q122 = 2,55
2020,Q122 = 2,53
2020,Q122 = 2,22
2020,Q122 = 2,32
2020,Q122 = 2,60
2020,Q122 = 2,55
2020,Q122 = 2,29
2020,Q122 = 2,41
2020,Q122 = 2,43
2020,Q122 = 2,51
2020,Q122 = 2,36
2020,Q122 = 3,41
2020,Q122 = 3,38
2020,Q122 = 3,39
2020,Q122 = 3,53
2020,Q122 = 3,31
2020,Q122 = 3,36
2020,Q122 = 3,40
2020,Q122 = 3,42
2020,Q122 = 3,41
2020,Q122 = 3,47
2020,Q122 = 3,46
2020,Q122 = 3,48
2020,Q122 = 3,46
2020,Q122 = 3,36
2020,Q122 = 3,45
2020,Q122 = 3,34
2020,Q122 = 3,37
2020,Q122 = 3,38
2020,Q122 = 3,40
2020,Q122 = 3,51
2020,Q122 = 3,44
2020,Q122 = 3,41
2020,Q122 = 3,53
2020,Q122 = 3,45
2020,Q122 = 3,53
2020,Q122 = 3,40
2020,Q122 = 3,33
2020,Q122 = 3,45
2020,Q122 = 3,50
2020,Q122 = 3,60
2020,Q122 = 3,63
2020,Q122 = 3,33
2020,Q122 = 3,54
2020,Q122 = 3,45
2020,Q122 = 3,62
2020,Q122 = 3,11
2020,Q122 = 3,50
2020,Q122 = 4,43
2020,Q122 = 4,46
2020,Q122 = 4,36
2020,Q122 = 4,56
2020,Q122 = 4,47
2020,Q122 = 4,24
2020,Q122 = 4,35
2020,Q122 = 4,35
2020,Q122 = 4,58
2020,Q122 = 4,19
2020,Q122 = 4,68
2020,Q122 = 4,43
2020,Q122 = 4,55
2020,Q122 = 4,35
2020,Q122 = 4,33
2020,Q122 = 4,45
2020,Q122 = 4,57
2020,Q122 = 4,42
2020,Q122 = 4,35
2020,Q122 = 4,59
2020,Q122 = 4,59
2020,Q122 = 4,33
2020,Q122 = 4,64
2020,Q122 = 4,42
2020,Q122 = 4,43
2020,Q122 = 4,50
2020,Q122 = 5,39
2020,Q122 = 5,41
2020,Q122 = 5,35
2020,Q122 = 5,46
2020,Q122 = 5,33
2020,Q122 = 5,35
2020,Q122 = 5,39
2020,Q122 = 5,43
2020,Q122 = 5,48
2020,Q122 = 5,38
2020,Q122 = 5,38
2020,Q122 = 5,43
2020,Q122 = 5,42
2020,Q122 = 5,34
2020,Q122 = 5,40
2020,Q122 = 5,37
2020,Q122 = 5,44
2020,Q122 = 5,40
2020,Q122 = 5,41
2020,Q122 = 5,36
2020,Q122 = 5,42
2020,Q122 = 5,37
2020,Q122 = 5,49
2020,Q122 = 5,36
2020,Q122 = 5,44
2020,Q122 = 5,37
2020,Q122 = 5,44
2020,Q122 = 5,35
2020,Q122 = 5,38
2020,Q122 = 5,59
2020,Q122 = 5,28
2020,Q122 = 5,47
2020,Q122 = 5,55
2020,Q122 = 5,30
2020,Q122 = 5,29
2020,Q122 = 5,55
2020,Q122 = 5,36
2020,Q122 = 5,53
2020,Q122 = 5,40
2020,Q122 = 5,46
2020,Q122 = 5,41
2020,Q122 = 5,58
2020,Q122 = 5,43
2020,Q122 = 5,47
2020,Q122 = 5,33
2020,Q122 = 5,30
2020,Q122 = 5,30
2020,Q122 = 5,52
2020,Q122 = 5,43
2020,Q122 = 5,40
2020,Q122 = 5,56
2020,Q122 = 5,41
2020,Q122 = 5,37
2020,Q122 = 5,45
2020,Q122 = 5,44
2020,Q122 = 5,41
2020,Q122 = 5,34
2020,Q122 = 5,37
2020,Q122 = 5,40
2020,Q122 = 5,37
2020,Q122 = 5,47
2020,Q122 = 5,35
2020,Q122 = 5,34
2020,Q122 = 5,55
2020,Q122 = 5,47
2020,Q122 = 5,41
2020,Q122 = 5,49
